date,open,close,high,low,volume,money
2005-01-04,1.29,1.29,1.32,1.28,5509739.0,7074428.0
2005-01-05,1.29,1.3,1.3,1.28,3112463.0,4006815.0
2005-01-06,1.3,1.26,1.31,1.24,6373860.0,8047776.0
2005-01-07,1.26,1.23,1.27,1.21,7856748.0,9665956.0
2005-01-10,1.22,1.23,1.24,1.18,2942401.0,3587486.0
2005-01-11,1.28,1.23,1.28,1.22,8867255.0,10966536.0
2005-01-12,1.24,1.21,1.24,1.18,15900907.0,19048675.0
2005-01-13,1.21,1.21,1.21,1.19,4755534.0,5706712.0
2005-01-14,1.21,1.2,1.22,1.2,3043948.0,3670560.0
2005-01-17,1.19,1.12,1.19,1.11,11942786.0,13546957.0
2005-01-18,1.11,1.12,1.13,1.07,9918293.0,10940848.0
2005-01-19,1.12,1.12,1.12,1.12,0.0,0.0
2005-01-20,1.08,1.12,1.12,1.06,6926352.0,7633917.0
2005-01-21,1.12,1.19,1.21,1.11,29050469.0,34057510.0
2005-01-24,1.21,1.24,1.25,1.2,20985675.0,25688472.0
2005-01-25,1.23,1.25,1.26,1.19,10434927.0,12930416.0
2005-01-26,1.25,1.21,1.26,1.2,10976885.0,13438017.0
2005-01-27,1.21,1.22,1.24,1.19,7043429.0,8624864.0
2005-01-28,1.21,1.21,1.22,1.2,3380549.0,4079732.0
2005-01-31,1.22,1.23,1.25,1.21,13197317.0,16311309.0
2005-02-01,1.26,1.25,1.26,1.21,10286863.0,12744287.0
2005-02-02,1.24,1.31,1.31,1.22,23323912.0,29518632.0
2005-02-03,1.31,1.25,1.33,1.23,32405967.0,41875892.0
2005-02-04,1.23,1.24,1.27,1.19,15625386.0,19190758.0
2005-02-16,1.24,1.25,1.27,1.23,5048501.0,6303022.0
2005-02-17,1.25,1.23,1.26,1.21,6940506.0,8514752.0
2005-02-18,1.23,1.19,1.23,1.19,5640141.0,6786445.0
2005-02-21,1.19,1.21,1.21,1.19,5980886.0,7185778.0
2005-02-22,1.19,1.25,1.25,1.19,19042231.0,23185059.0
2005-02-23,1.25,1.25,1.26,1.23,12494272.0,15562382.0
2005-02-24,1.25,1.24,1.25,1.23,10421011.0,12889478.0
2005-02-25,1.24,1.24,1.28,1.23,18993725.0,23804310.0
2005-02-28,1.24,1.23,1.25,1.22,8446416.0,10444621.0
2005-03-01,1.23,1.22,1.23,1.2,7895397.0,9541728.0
2005-03-02,1.21,1.23,1.26,1.21,18726452.0,23207084.0
2005-03-03,1.23,1.25,1.25,1.23,12405628.0,15315197.0
2005-03-04,1.25,1.25,1.25,1.25,0.0,0.0
2005-03-07,1.26,1.25,1.26,1.23,4930661.0,6136642.0
2005-03-08,1.24,1.27,1.27,1.24,23120686.0,29080226.0
2005-03-09,1.28,1.29,1.29,1.26,15588380.0,19950200.0
2005-03-10,1.29,1.26,1.29,1.25,13907536.0,17522870.0
2005-03-11,1.25,1.26,1.27,1.24,11452062.0,14321223.0
2005-03-14,1.26,1.22,1.26,1.22,12358038.0,15204511.0
2005-03-15,1.22,1.18,1.23,1.16,11864341.0,14109568.0
2005-03-16,1.16,1.19,1.19,1.16,3148884.0,3689849.0
2005-03-17,1.19,1.19,1.2,1.17,4322820.0,5123904.0
2005-03-18,1.19,1.18,1.2,1.15,4320774.0,5034763.0
2005-03-21,1.16,1.17,1.18,1.15,2987649.0,3472079.0
2005-03-22,1.17,1.15,1.18,1.14,7757213.0,8930798.0
2005-03-23,1.15,1.12,1.16,1.09,6656362.0,7481948.0
2005-03-24,1.12,1.1,1.13,1.08,4706051.0,5148011.0
2005-03-25,1.11,1.11,1.12,1.09,3405123.0,3763824.0
2005-03-28,1.12,1.1,1.12,1.08,2682506.0,2934415.0
2005-03-29,1.1,1.12,1.14,1.09,9581760.0,10733385.0
2005-03-30,1.11,1.09,1.12,1.07,9821588.0,10683239.0
2005-03-31,1.09,1.16,1.16,1.07,13258516.0,14978285.0
2005-04-01,1.16,1.24,1.26,1.14,28293416.0,34249131.0
2005-04-04,1.23,1.26,1.28,1.19,39122561.0,49193997.0
2005-04-05,1.25,1.23,1.27,1.23,21271348.0,26511513.0
2005-04-06,1.22,1.31,1.32,1.22,34813702.0,44856197.0
2005-04-07,1.31,1.33,1.39,1.31,55963971.0,75635393.0
2005-04-08,1.33,1.37,1.37,1.31,32145083.0,43097265.0
2005-04-11,1.36,1.38,1.4,1.35,18891569.0,25927040.0
2005-04-12,1.38,1.33,1.41,1.32,22744294.0,30440071.0
2005-04-13,1.34,1.35,1.4,1.34,32387680.0,44115342.0
2005-04-14,1.36,1.36,1.39,1.35,12473376.0,17023497.0
2005-04-15,1.35,1.36,1.37,1.33,11461027.0,15530952.0
2005-04-18,1.36,1.34,1.38,1.31,9066746.0,12108702.0
2005-04-19,1.35,1.34,1.37,1.32,5650802.0,7575062.0
2005-04-20,1.35,1.33,1.35,1.3,4749863.0,6256770.0
2005-04-21,1.33,1.34,1.34,1.3,4912304.0,6490111.0
2005-04-22,1.33,1.38,1.38,1.33,11823267.0,16052426.0
2005-04-25,1.39,1.39,1.39,1.36,12765749.0,17535752.0
2005-04-26,1.38,1.44,1.45,1.38,19546819.0,27892339.0
2005-04-27,1.47,1.38,1.47,1.32,27194765.0,37939719.0
2005-04-28,1.37,1.4,1.43,1.34,14098172.0,19587027.0
2005-04-29,1.42,1.41,1.44,1.39,11250496.0,15994601.0
2005-05-09,1.41,1.37,1.43,1.34,6148703.0,8468027.0
2005-05-10,1.37,1.28,1.37,1.27,11112395.0,14375207.0
2005-05-11,1.28,1.3,1.31,1.28,7448242.0,9668262.0
2005-05-12,1.29,1.3,1.32,1.28,6943044.0,9039874.0
2005-05-13,1.29,1.26,1.31,1.21,11671024.0,14647917.0
2005-05-16,1.23,1.27,1.29,1.23,8033455.0,10096791.0
2005-05-17,1.27,1.26,1.28,1.24,6688220.0,8430097.0
2005-05-18,1.21,1.27,1.28,1.21,6423507.0,8131360.0
2005-05-19,1.28,1.27,1.28,1.25,2996082.0,3760599.0
2005-05-20,1.26,1.27,1.28,1.25,5063144.0,6421487.0
2005-05-23,1.28,1.26,1.28,1.24,1645944.0,2064082.0
2005-05-24,1.23,1.21,1.23,1.17,13742361.0,16337901.0
2005-05-25,1.21,1.19,1.21,1.17,4072862.0,4847874.0
2005-05-26,1.19,1.18,1.19,1.16,2772144.0,3246784.0
2005-05-27,1.18,1.17,1.19,1.14,4966105.0,5785779.0
2005-05-30,1.16,1.19,1.19,1.14,2654193.0,3104401.0
2005-05-31,1.19,1.19,1.2,1.16,8793808.0,10304998.0
2005-06-01,1.19,1.15,1.19,1.13,3621504.0,4151191.0
2005-06-02,1.15,1.1,1.15,1.09,3530237.0,3925771.0
2005-06-03,1.1,1.12,1.12,1.08,2872628.0,3135492.0
2005-06-06,1.1,1.15,1.15,1.09,3591969.0,4024617.0
2005-06-07,1.16,1.16,1.17,1.14,6540645.0,7544824.0
2005-06-08,1.16,1.26,1.28,1.16,16419126.0,20303176.0
2005-06-09,1.25,1.3,1.32,1.23,29367123.0,37122710.0
2005-06-10,1.28,1.27,1.3,1.25,11593579.0,14708244.0
2005-06-13,1.27,1.28,1.28,1.25,9029357.0,11506176.0
2005-06-14,1.28,1.28,1.32,1.28,15652507.0,20348977.0
2005-06-15,1.28,1.33,1.34,1.25,17268760.0,22414024.0
2005-06-16,1.33,1.34,1.39,1.3,38450046.0,52022319.0
2005-06-17,1.35,1.44,1.44,1.33,53583443.0,74966391.0
2005-06-20,1.44,1.44,1.44,1.44,0.0,0.0
2005-06-21,1.44,1.44,1.44,1.44,0.0,0.0
2005-06-22,1.44,1.44,1.44,1.44,0.0,0.0
2005-06-23,1.44,1.44,1.44,1.44,0.0,0.0
2005-06-24,1.44,1.44,1.44,1.44,0.0,0.0
2005-06-27,1.44,1.44,1.44,1.44,0.0,0.0
2005-06-28,1.44,1.44,1.44,1.44,0.0,0.0
2005-06-29,1.44,1.44,1.44,1.44,0.0,0.0
2005-06-30,1.44,1.44,1.44,1.44,0.0,0.0
2005-07-01,1.43,1.37,1.43,1.3,45957996.0,62800720.0
2005-07-04,1.36,1.38,1.39,1.32,15295153.0,20958843.0
2005-07-05,1.38,1.41,1.43,1.38,21134895.0,29763919.0
2005-07-06,1.41,1.38,1.41,1.36,6850425.0,9429524.0
2005-07-07,1.38,1.4,1.4,1.36,4259552.0,5901833.0
2005-07-08,1.38,1.4,1.41,1.36,5164233.0,7183484.0
2005-07-11,1.41,1.4,1.42,1.4,6319686.0,8944329.0
2005-07-12,1.39,1.46,1.47,1.37,9986672.0,14214641.0
2005-07-13,1.45,1.41,1.47,1.41,16649717.0,23989045.0
2005-07-14,1.39,1.44,1.46,1.39,9237504.0,13268922.0
2005-07-15,1.46,1.43,1.46,1.4,7405010.0,10530290.0
2005-07-18,1.41,1.42,1.43,1.4,3157546.0,4474146.0
2005-07-19,1.39,1.41,1.43,1.37,12791940.0,17758772.0
2005-07-20,1.37,1.43,1.44,1.37,6981850.0,9962503.0
2005-07-21,1.43,1.43,1.43,1.43,0.0,0.0
2005-07-22,1.43,1.43,1.43,1.43,0.0,0.0
2005-07-25,1.43,1.43,1.43,1.43,0.0,0.0
2005-07-26,1.43,1.43,1.43,1.43,0.0,0.0
2005-07-27,1.43,1.43,1.43,1.43,0.0,0.0
2005-07-28,1.43,1.43,1.43,1.43,0.0,0.0
2005-07-29,1.43,1.43,1.43,1.43,0.0,0.0
2005-08-01,1.43,1.43,1.43,1.43,0.0,0.0
2005-08-02,1.43,1.43,1.43,1.43,0.0,0.0
2005-08-03,1.43,1.43,1.43,1.43,0.0,0.0
2005-08-04,1.43,1.43,1.43,1.43,0.0,0.0
2005-08-05,1.43,1.43,1.43,1.43,0.0,0.0
2005-08-08,1.43,1.43,1.43,1.43,0.0,0.0
2005-08-09,1.63,1.56,1.64,1.55,97175337.0,152799112.0
2005-08-10,1.59,1.61,1.63,1.56,45803130.0,73347131.0
2005-08-11,1.62,1.63,1.64,1.57,35977256.0,57880125.0
2005-08-12,1.62,1.62,1.63,1.58,33714735.0,53977331.0
2005-08-15,1.62,1.64,1.64,1.58,30904667.0,49714102.0
2005-08-16,1.64,1.61,1.64,1.58,14885395.0,23865757.0
2005-08-17,1.6,1.59,1.6,1.57,13834567.0,21883026.0
2005-08-18,1.59,1.54,1.6,1.54,22536346.0,35423316.0
2005-08-19,1.54,1.52,1.56,1.5,10696228.0,16371536.0
2005-08-22,1.5,1.55,1.55,1.5,5458874.0,8380155.0
2005-08-23,1.55,1.53,1.55,1.52,6626018.0,10152258.0
2005-08-24,1.54,1.54,1.55,1.51,5987351.0,9233316.0
2005-08-25,1.54,1.53,1.55,1.51,12329758.0,18864729.0
2005-08-26,1.52,1.5,1.52,1.5,7866802.0,11841580.0
2005-08-29,1.5,1.5,1.5,1.46,5245240.0,7821302.0
2005-08-30,1.5,1.51,1.54,1.49,15723827.0,24001291.0
2005-08-31,1.53,1.53,1.53,1.5,7522952.0,11400573.0
2005-09-01,1.54,1.57,1.57,1.52,8402919.0,13032900.0
2005-09-02,1.57,1.57,1.59,1.57,10142761.0,15939257.0
2005-09-05,1.57,1.57,1.58,1.55,12899071.0,20275042.0
2005-09-06,1.57,1.55,1.57,1.54,7955616.0,12367375.0
2005-09-07,1.54,1.55,1.57,1.53,11015818.0,17060724.0
2005-09-08,1.56,1.53,1.56,1.52,11166670.0,17061115.0
2005-09-09,1.54,1.52,1.54,1.49,11909681.0,17880154.0
2005-09-12,1.52,1.52,1.52,1.49,3265015.0,4906376.0
2005-09-13,1.52,1.51,1.52,1.5,5796272.0,8737247.0
2005-09-14,1.52,1.52,1.54,1.51,9557152.0,14602449.0
2005-09-15,1.54,1.56,1.56,1.53,9207011.0,14234735.0
2005-09-16,1.56,1.56,1.56,1.56,0.0,0.0
2005-09-19,1.54,1.53,1.56,1.51,23694483.0,36068718.0
2005-09-20,1.53,1.53,1.58,1.52,21880249.0,33951372.0
2005-09-21,1.54,1.53,1.55,1.52,8472023.0,12988454.0
2005-09-22,1.55,1.49,1.55,1.47,13187348.0,19701988.0
2005-09-23,1.48,1.48,1.5,1.47,4525711.0,6713735.0
2005-09-26,1.48,1.44,1.48,1.43,11256539.0,16314056.0
2005-09-27,1.44,1.45,1.45,1.44,3454981.0,4983366.0
2005-09-28,1.44,1.44,1.45,1.44,2702514.0,3897123.0
2005-09-29,1.44,1.46,1.46,1.44,3399327.0,4932646.0
2005-09-30,1.46,1.46,1.46,1.44,2884372.0,4177857.0
2005-10-10,1.46,1.42,1.46,1.41,4923714.0,7021657.0
2005-10-11,1.43,1.43,1.43,1.41,2507789.0,3563080.0
2005-10-12,1.43,1.4,1.43,1.39,10771637.0,15056783.0
2005-10-13,1.39,1.38,1.4,1.37,15358980.0,21182626.0
2005-10-14,1.39,1.4,1.41,1.39,20965585.0,29294991.0
2005-10-17,1.4,1.4,1.4,1.4,0.0,0.0
2005-10-18,1.39,1.44,1.44,1.38,25971078.0,36777322.0
2005-10-19,1.44,1.44,1.46,1.43,11288017.0,16263665.0
2005-10-20,1.43,1.4,1.43,1.39,20156832.0,28280845.0
2005-10-21,1.4,1.38,1.4,1.38,7654014.0,10599864.0
2005-10-24,1.38,1.43,1.45,1.38,15924483.0,22734039.0
2005-10-25,1.44,1.39,1.45,1.38,20568419.0,28635885.0
2005-10-26,1.4,1.35,1.4,1.35,7486047.0,10322993.0
2005-10-27,1.36,1.37,1.38,1.35,4957204.0,6781817.0
2005-10-28,1.36,1.38,1.38,1.35,19119415.0,26027682.0
2005-10-31,1.38,1.41,1.42,1.38,10476838.0,14649810.0
2005-11-01,1.41,1.39,1.41,1.38,5027100.0,6994037.0
2005-11-02,1.39,1.4,1.42,1.38,6112740.0,8571793.0
2005-11-03,1.4,1.39,1.41,1.38,7044528.0,9803682.0
2005-11-04,1.38,1.38,1.39,1.35,4315539.0,5926167.0
2005-11-07,1.36,1.37,1.37,1.35,3907403.0,5309023.0
2005-11-08,1.36,1.35,1.37,1.33,5330052.0,7189755.0
2005-11-09,1.35,1.32,1.35,1.32,10044644.0,13385669.0
2005-11-10,1.32,1.24,1.33,1.22,26469106.0,33570172.0
2005-11-11,1.24,1.22,1.24,1.19,18046701.0,21818624.0
2005-11-14,1.23,1.22,1.24,1.21,8263303.0,10067132.0
2005-11-15,1.22,1.19,1.23,1.18,12394977.0,14856023.0
2005-11-16,1.19,1.22,1.22,1.19,8220063.0,9914025.0
2005-11-17,1.22,1.26,1.28,1.22,16008772.0,20162790.0
2005-11-18,1.26,1.31,1.33,1.25,17349017.0,22529656.0
2005-11-21,1.31,1.32,1.33,1.31,9542956.0,12569673.0
2005-11-22,1.32,1.29,1.32,1.29,6189278.0,8047074.0
2005-11-23,1.29,1.32,1.33,1.28,6948033.0,9084743.0
2005-11-24,1.32,1.32,1.34,1.32,6304154.0,8369154.0
2005-11-25,1.31,1.3,1.31,1.29,6747949.0,8758677.0
2005-11-28,1.3,1.28,1.31,1.27,8388178.0,10749517.0
2005-11-29,1.27,1.27,1.28,1.26,8064760.0,10221976.0
2005-11-30,1.28,1.29,1.3,1.27,5141811.0,6601485.0
2005-12-01,1.28,1.26,1.3,1.26,10733874.0,13671756.0
2005-12-02,1.26,1.26,1.28,1.25,7344759.0,9252811.0
2005-12-05,1.25,1.23,1.27,1.22,12002500.0,14822972.0
2005-12-06,1.22,1.22,1.23,1.21,10693476.0,13065674.0
2005-12-07,1.22,1.24,1.25,1.21,11190416.0,13717077.0
2005-12-08,1.25,1.24,1.27,1.23,11952667.0,14889310.0
2005-12-09,1.24,1.34,1.35,1.23,43593745.0,56329807.0
2005-12-12,1.33,1.33,1.34,1.3,29324967.0,38747839.0
2005-12-13,1.33,1.35,1.36,1.31,18104304.0,24204660.0
2005-12-14,1.35,1.36,1.37,1.33,15079623.0,20376147.0
2005-12-15,1.36,1.33,1.37,1.33,15460837.0,20920654.0
2005-12-16,1.34,1.34,1.35,1.33,11663120.0,15629847.0
2005-12-19,1.34,1.36,1.38,1.33,14430366.0,19628546.0
2005-12-20,1.36,1.36,1.37,1.34,8937765.0,12136549.0
2005-12-21,1.36,1.34,1.38,1.34,9185135.0,12445614.0
2005-12-22,1.34,1.37,1.37,1.34,9434607.0,12820576.0
2005-12-23,1.38,1.41,1.42,1.37,19827043.0,27745775.0
2005-12-26,1.41,1.41,1.43,1.39,19774511.0,27903001.0
2005-12-27,1.41,1.39,1.41,1.38,12132169.0,16862874.0
2005-12-28,1.39,1.4,1.41,1.38,10315239.0,14436688.0
2005-12-29,1.41,1.41,1.42,1.39,14906249.0,20998773.0
2005-12-30,1.42,1.36,1.43,1.33,14618317.0,20318094.0
2006-01-04,1.35,1.38,1.39,1.35,17645979.0,24252969.0
2006-01-05,1.38,1.39,1.42,1.38,30059364.0,41977936.0
2006-01-06,1.39,1.42,1.43,1.38,46012618.0,64772621.0
2006-01-09,1.43,1.42,1.45,1.41,42365304.0,60420662.0
2006-01-10,1.42,1.4,1.42,1.37,41451124.0,57576034.0
2006-01-11,1.41,1.42,1.45,1.39,59373841.0,84387750.0
2006-01-12,1.42,1.43,1.44,1.41,39693434.0,56403809.0
2006-01-13,1.44,1.45,1.47,1.43,55981144.0,80981657.0
2006-01-16,1.45,1.41,1.48,1.41,46687677.0,67553348.0
2006-01-17,1.41,1.39,1.42,1.37,24056445.0,33656553.0
2006-01-18,1.4,1.43,1.44,1.39,49501116.0,69803266.0
2006-01-19,1.43,1.41,1.43,1.39,28739313.0,40378315.0
2006-01-20,1.41,1.39,1.41,1.39,29921128.0,41741028.0
2006-01-23,1.39,1.37,1.39,1.35,31495701.0,43048354.0
2006-01-24,1.37,1.38,1.4,1.36,25188042.0,34852808.0
2006-01-25,1.37,1.36,1.39,1.35,21627311.0,29511819.0
2006-02-06,1.37,1.4,1.41,1.34,55579605.0,76178464.0
2006-02-07,1.42,1.46,1.46,1.42,110035477.0,158844858.0
2006-02-08,1.46,1.46,1.47,1.43,38973450.0,56577926.0
2006-02-09,1.45,1.42,1.48,1.42,50129557.0,72220483.0
2006-02-10,1.42,1.46,1.47,1.42,47356920.0,68797533.0
2006-02-13,1.46,1.48,1.49,1.46,47026820.0,69177239.0
2006-02-14,1.48,1.47,1.5,1.46,44808568.0,66514276.0
2006-02-15,1.47,1.45,1.48,1.44,34412091.0,50112708.0
2006-02-16,1.45,1.39,1.46,1.39,31275340.0,44216588.0
2006-02-17,1.39,1.38,1.41,1.37,16627634.0,23094813.0
2006-02-20,1.38,1.39,1.42,1.37,15350346.0,21487023.0
2006-02-21,1.39,1.43,1.43,1.39,23872629.0,33720683.0
2006-02-22,1.43,1.41,1.45,1.4,31940510.0,45598894.0
2006-02-23,1.41,1.4,1.41,1.39,13139541.0,18371360.0
2006-02-24,1.4,1.44,1.44,1.4,24909983.0,35508300.0
2006-02-27,1.46,1.45,1.48,1.44,42050843.0,61239906.0
2006-02-28,1.44,1.44,1.44,1.4,21848380.0,31064036.0
2006-03-01,1.44,1.44,1.44,1.42,18067934.0,25848968.0
2006-03-02,1.44,1.4,1.44,1.4,23384650.0,33214995.0
2006-03-03,1.4,1.38,1.41,1.36,32763800.0,45365064.0
2006-03-06,1.38,1.36,1.4,1.36,20189428.0,27740519.0
2006-03-07,1.36,1.31,1.37,1.3,19681409.0,26323286.0
2006-03-08,1.3,1.29,1.31,1.27,15584849.0,20142254.0
2006-03-09,1.29,1.3,1.32,1.29,10446466.0,13632419.0
2006-03-10,1.3,1.29,1.31,1.29,9267359.0,12003010.0
2006-03-13,1.29,1.29,1.29,1.29,0.0,0.0
2006-03-14,1.3,1.28,1.32,1.27,23137394.0,29892020.0
2006-03-15,1.29,1.31,1.31,1.28,20432623.0,26509271.0
2006-03-16,1.31,1.3,1.31,1.29,16299840.0,21136146.0
2006-03-17,1.3,1.31,1.31,1.29,21095564.0,27426782.0
2006-03-20,1.31,1.35,1.35,1.31,35995306.0,48108678.0
2006-03-21,1.35,1.34,1.35,1.33,22528155.0,30182327.0
2006-03-22,1.34,1.35,1.35,1.32,20123412.0,26763991.0
2006-03-23,1.36,1.34,1.36,1.33,18738110.0,25144625.0
2006-03-24,1.34,1.31,1.34,1.3,21858588.0,28929053.0
2006-03-27,1.31,1.33,1.33,1.3,14594719.0,19070283.0
2006-03-28,1.33,1.32,1.34,1.31,14764867.0,19479463.0
2006-03-29,1.32,1.34,1.34,1.31,28003297.0,37230530.0
2006-03-30,1.34,1.34,1.36,1.33,35450753.0,47827309.0
2006-03-31,1.34,1.35,1.36,1.33,27774977.0,37462812.0
2006-04-03,1.36,1.36,1.36,1.34,36256507.0,49157537.0
2006-04-04,1.37,1.44,1.46,1.35,98281598.0,139079771.0
2006-04-05,1.45,1.46,1.48,1.43,88672000.0,128584442.0
2006-04-06,1.47,1.45,1.48,1.44,55456251.0,80808402.0
2006-04-07,1.44,1.41,1.45,1.39,40519763.0,57462678.0
2006-04-10,1.41,1.46,1.47,1.32,64029038.0,91209212.0
2006-04-11,1.46,1.44,1.47,1.42,42296376.0,61178719.0
2006-04-12,1.44,1.42,1.45,1.42,25696941.0,36870946.0
2006-04-13,1.42,1.37,1.43,1.37,34266698.0,47877117.0
2006-04-14,1.37,1.4,1.41,1.36,21385397.0,29606532.0
2006-04-17,1.39,1.42,1.43,1.38,30543049.0,43064396.0
2006-04-18,1.41,1.4,1.41,1.38,35297316.0,49200039.0
2006-04-19,1.41,1.4,1.43,1.38,35953243.0,50702503.0
2006-04-20,1.4,1.36,1.41,1.34,43395820.0,59356516.0
2006-04-21,1.37,1.36,1.39,1.34,28285558.0,38537957.0
2006-04-24,1.35,1.32,1.36,1.31,42103635.0,55866944.0
2006-04-25,1.3,1.33,1.35,1.27,28931650.0,37963389.0
2006-04-26,1.33,1.35,1.37,1.32,33787469.0,45498565.0
2006-04-27,1.35,1.33,1.37,1.33,20975672.0,28170083.0
2006-04-28,1.32,1.31,1.33,1.29,27490798.0,35944812.0
2006-05-08,1.33,1.4,1.43,1.33,55515507.0,76582621.0
2006-05-09,1.42,1.41,1.42,1.38,61497544.0,86350977.0
2006-05-10,1.41,1.39,1.41,1.37,63933406.0,89040564.0
2006-05-11,1.39,1.39,1.39,1.39,0.0,0.0
2006-05-12,1.37,1.45,1.49,1.37,93205349.0,133516957.0
2006-05-15,1.46,1.5,1.51,1.43,98029941.0,145296137.0
2006-05-16,1.49,1.48,1.57,1.45,89286912.0,134346420.0
2006-05-17,1.48,1.53,1.54,1.47,67954166.0,102597060.0
2006-05-18,1.5,1.48,1.52,1.44,50767768.0,75064154.0
2006-05-19,1.48,1.54,1.54,1.46,82364574.0,124198771.0
2006-05-22,1.58,1.66,1.7,1.57,145225432.0,238189501.0
2006-05-23,1.64,1.54,1.64,1.54,65244407.0,103970182.0
2006-05-24,1.54,1.5,1.59,1.44,51067683.0,77175214.0
2006-05-25,1.49,1.5,1.52,1.47,20165391.0,30134843.0
2006-05-26,1.51,1.51,1.53,1.5,24876488.0,37605080.0
2006-05-29,1.51,1.54,1.55,1.49,34432263.0,52387884.0
2006-05-30,1.54,1.53,1.56,1.5,35470002.0,54239084.0
2006-05-31,1.51,1.54,1.58,1.51,49890415.0,76923610.0
2006-06-01,1.55,1.6,1.62,1.55,65614713.0,104573859.0
2006-06-02,1.6,1.56,1.6,1.54,86857473.0,136063439.0
2006-06-05,1.55,1.6,1.63,1.52,67641517.0,105036106.0
2006-06-06,1.61,1.55,1.63,1.55,100025323.0,158578948.0
2006-06-07,1.55,1.44,1.56,1.44,49120607.0,73584983.0
2006-06-08,1.43,1.44,1.45,1.38,38781239.0,54976505.0
2006-06-09,1.44,1.38,1.44,1.37,31630957.0,44500448.0
2006-06-12,1.36,1.38,1.39,1.35,15188888.0,20895937.0
2006-06-13,1.38,1.39,1.41,1.37,15576169.0,21709435.0
2006-06-14,1.39,1.42,1.43,1.37,14694954.0,20512306.0
2006-06-15,1.42,1.41,1.43,1.4,8843631.0,12486207.0
2006-06-16,1.41,1.43,1.44,1.41,17630110.0,25084069.0
2006-06-19,1.4,1.45,1.47,1.39,31305179.0,45214957.0
2006-06-20,1.45,1.48,1.49,1.45,44469135.0,65309506.0
2006-06-21,1.5,1.46,1.51,1.46,57573403.0,85626042.0
2006-06-22,1.45,1.45,1.47,1.44,18190646.0,26471452.0
2006-06-23,1.45,1.45,1.46,1.44,13107570.0,19006406.0
2006-06-26,1.45,1.45,1.45,1.45,0.0,0.0
2006-06-27,1.49,1.46,1.49,1.46,21827613.0,32168278.0
2006-06-28,1.46,1.46,1.47,1.44,13099187.0,19067486.0
2006-06-29,1.46,1.49,1.49,1.46,29096639.0,43205297.0
2006-06-30,1.54,1.51,1.56,1.5,47916246.0,73084017.0
2006-07-03,1.51,1.52,1.53,1.49,32488806.0,48945682.0
2006-07-04,1.52,1.48,1.52,1.47,34429008.0,51506928.0
2006-07-05,1.48,1.45,1.48,1.44,22997564.0,33497014.0
2006-07-06,1.45,1.54,1.55,1.44,55469394.0,83794803.0
2006-07-07,1.53,1.5,1.54,1.5,31189303.0,47356125.0
2006-07-10,1.5,1.49,1.53,1.48,35623335.0,53504040.0
2006-07-11,1.5,1.51,1.52,1.48,75341096.0,113011494.0
2006-07-12,1.51,1.51,1.51,1.51,0.0,0.0
2006-07-13,1.51,1.51,1.51,1.51,0.0,0.0
2006-07-14,1.51,1.51,1.51,1.51,0.0,0.0
2006-07-17,1.51,1.51,1.51,1.51,0.0,0.0
2006-07-18,1.47,1.47,1.49,1.45,27767735.0,40710284.0
2006-07-19,1.46,1.41,1.46,1.41,26181194.0,37521122.0
2006-07-20,1.41,1.43,1.44,1.41,15119433.0,21506168.0
2006-07-21,1.43,1.41,1.43,1.41,14193519.0,20123315.0
2006-07-24,1.39,1.41,1.43,1.37,16040346.0,22607717.0
2006-07-25,1.41,1.44,1.46,1.41,36453073.0,52299738.0
2006-07-26,1.44,1.43,1.45,1.43,19291518.0,27694541.0
2006-07-27,1.43,1.4,1.44,1.4,24106875.0,34050690.0
2006-07-28,1.4,1.37,1.41,1.36,31756730.0,43737593.0
2006-07-31,1.37,1.37,1.4,1.35,21016150.0,28821185.0
2006-08-01,1.37,1.32,1.38,1.31,21869540.0,29395678.0
2006-08-02,1.32,1.31,1.33,1.3,21798156.0,28588852.0
2006-08-03,1.32,1.33,1.33,1.3,14598810.0,19214374.0
2006-08-04,1.33,1.3,1.33,1.29,14379229.0,18872690.0
2006-08-07,1.29,1.28,1.29,1.27,14613768.0,18690908.0
2006-08-08,1.28,1.31,1.32,1.27,10502663.0,13593116.0
2006-08-09,1.3,1.29,1.31,1.29,6109368.0,7936870.0
2006-08-10,1.29,1.32,1.33,1.29,14388999.0,18875190.0
2006-08-11,1.32,1.31,1.33,1.31,6336473.0,8362254.0
2006-08-14,1.33,1.27,1.33,1.26,11985239.0,15414043.0
2006-08-15,1.27,1.29,1.29,1.26,7826714.0,10009400.0
2006-08-16,1.3,1.33,1.34,1.29,20008739.0,26409530.0
2006-08-17,1.32,1.32,1.32,1.31,12042591.0,15841693.0
2006-08-18,1.32,1.33,1.34,1.31,12747726.0,17001621.0
2006-08-21,1.29,1.32,1.32,1.28,7614103.0,9945152.0
2006-08-22,1.32,1.32,1.34,1.31,11911714.0,15804419.0
2006-08-23,1.32,1.34,1.35,1.32,28355636.0,37824064.0
2006-08-24,1.34,1.34,1.35,1.32,11892010.0,15877330.0
2006-08-25,1.34,1.34,1.34,1.33,22364409.0,29910453.0
2006-08-28,1.34,1.35,1.35,1.33,36435374.0,48888862.0
2006-08-29,1.35,1.35,1.37,1.34,31211779.0,42354109.0
2006-08-30,1.35,1.37,1.37,1.34,16523171.0,22400006.0
2006-08-31,1.37,1.36,1.38,1.36,20226514.0,27668263.0
2006-09-01,1.37,1.35,1.37,1.33,19609942.0,26495570.0
2006-09-04,1.35,1.36,1.37,1.34,13134068.0,17856510.0
2006-09-05,1.36,1.34,1.36,1.34,16084238.0,21643796.0
2006-09-06,1.34,1.36,1.36,1.34,11131181.0,15053504.0
2006-09-07,1.36,1.34,1.36,1.34,8302722.0,11159768.0
2006-09-08,1.33,1.34,1.34,1.33,5498328.0,7356373.0
2006-09-11,1.34,1.32,1.35,1.32,9377375.0,12436977.0
2006-09-12,1.33,1.34,1.35,1.32,12791750.0,17112557.0
2006-09-13,1.34,1.34,1.34,1.34,0.0,0.0
2006-09-14,1.35,1.35,1.37,1.33,17001819.0,22876292.0
2006-09-15,1.35,1.38,1.38,1.33,35558222.0,48743936.0
2006-09-18,1.4,1.41,1.42,1.39,48549282.0,68189116.0
2006-09-19,1.41,1.4,1.42,1.4,28719619.0,40442322.0
2006-09-20,1.4,1.4,1.41,1.38,17987997.0,25098720.0
2006-09-21,1.4,1.38,1.4,1.37,25653210.0,35462266.0
2006-09-22,1.38,1.37,1.39,1.37,19677125.0,27139988.0
2006-09-25,1.37,1.36,1.38,1.35,16715580.0,22810330.0
2006-09-26,1.36,1.35,1.36,1.35,11521657.0,15575604.0
2006-09-27,1.35,1.37,1.37,1.34,9608483.0,13076753.0
2006-09-28,1.36,1.37,1.38,1.36,19690633.0,27028365.0
2006-09-29,1.37,1.39,1.41,1.37,42559269.0,59216629.0
2006-10-09,1.4,1.43,1.44,1.4,41770440.0,59488563.0
2006-10-10,1.41,1.46,1.47,1.41,56669146.0,82290183.0
2006-10-11,1.45,1.45,1.48,1.44,41091895.0,59925814.0
2006-10-12,1.44,1.46,1.48,1.43,35409302.0,51654720.0
2006-10-13,1.45,1.46,1.51,1.45,44123873.0,65565685.0
2006-10-16,1.47,1.44,1.48,1.42,26675839.0,38425026.0
2006-10-17,1.43,1.43,1.45,1.42,15112443.0,21671516.0
2006-10-18,1.43,1.44,1.44,1.42,22419113.0,32001947.0
2006-10-19,1.43,1.43,1.44,1.42,16229542.0,23174639.0
2006-10-20,1.43,1.41,1.43,1.41,13090459.0,18584227.0
2006-10-23,1.41,1.39,1.43,1.38,15533011.0,21810893.0
2006-10-24,1.39,1.41,1.41,1.38,19952616.0,27989341.0
2006-10-25,1.42,1.42,1.43,1.41,16494940.0,23443161.0
2006-10-26,1.42,1.41,1.42,1.39,18161209.0,25481990.0
2006-10-27,1.41,1.4,1.41,1.38,17890747.0,24968142.0
2006-10-30,1.39,1.44,1.44,1.39,30738032.0,43777056.0
2006-10-31,1.45,1.48,1.48,1.44,52359704.0,77000305.0
2006-11-01,1.48,1.47,1.49,1.45,53384558.0,78288527.0
2006-11-02,1.48,1.51,1.55,1.48,125797504.0,190720157.0
2006-11-03,1.51,1.51,1.54,1.5,66000220.0,100758387.0
2006-11-06,1.49,1.53,1.54,1.48,54106344.0,82632004.0
2006-11-07,1.53,1.52,1.56,1.52,52941698.0,81535992.0
2006-11-08,1.52,1.48,1.54,1.48,33098906.0,49742457.0
2006-11-09,1.47,1.48,1.5,1.47,31135290.0,46098412.0
2006-11-10,1.48,1.45,1.51,1.44,27988298.0,41310922.0
2006-11-13,1.45,1.44,1.5,1.42,34272272.0,50214687.0
2006-11-14,1.44,1.44,1.46,1.4,41103278.0,58388516.0
2006-11-15,1.44,1.46,1.46,1.42,33666537.0,48490289.0
2006-11-16,1.46,1.46,1.46,1.46,0.0,0.0
2006-11-17,1.44,1.49,1.49,1.43,47004001.0,69169318.0
2006-11-20,1.51,1.5,1.52,1.48,47473306.0,71415367.0
2006-11-21,1.49,1.52,1.52,1.48,40714711.0,61296932.0
2006-11-22,1.53,1.52,1.55,1.51,58725567.0,90357924.0
2006-11-23,1.52,1.51,1.53,1.49,37286580.0,56489719.0
2006-11-24,1.5,1.53,1.55,1.49,48264831.0,73875069.0
2006-11-27,1.52,1.58,1.59,1.5,70785058.0,109640789.0
2006-11-28,1.58,1.6,1.65,1.58,101118717.0,163556953.0
2006-11-29,1.58,1.61,1.64,1.54,45091055.0,72507579.0
2006-11-30,1.61,1.64,1.66,1.61,54104303.0,88676460.0
2006-12-01,1.65,1.69,1.71,1.64,73288837.0,123458328.0
2006-12-04,1.69,1.8,1.83,1.69,97107175.0,173488539.0
2006-12-05,1.8,1.78,1.81,1.76,42856129.0,76430128.0
2006-12-06,1.78,1.81,1.82,1.66,75299652.0,132481582.0
2006-12-07,1.82,1.86,1.9,1.81,104469796.0,195461018.0
2006-12-08,1.82,1.77,1.85,1.75,62811565.0,113279780.0
2006-12-11,1.75,1.83,1.85,1.74,29624683.0,53164678.0
2006-12-12,1.83,1.8,1.89,1.79,32171779.0,59085511.0
2006-12-13,1.8,1.81,1.84,1.77,43542079.0,78614424.0
2006-12-14,1.81,1.86,1.89,1.8,50330955.0,93159575.0
2006-12-15,1.88,1.94,1.95,1.86,49633892.0,94721282.0
2006-12-18,1.94,1.93,1.95,1.9,42099945.0,80848839.0
2006-12-19,1.93,1.93,1.99,1.9,42471700.0,82356880.0
2006-12-20,1.93,1.94,1.95,1.88,27498579.0,52693231.0
2006-12-21,1.93,1.87,1.99,1.86,50619819.0,97205549.0
2006-12-22,1.87,1.81,1.87,1.8,44270612.0,80869771.0
2006-12-25,1.81,1.84,1.88,1.81,40831717.0,75688363.0
2006-12-26,1.83,1.8,1.87,1.79,33522682.0,61114191.0
2006-12-27,1.82,1.78,1.83,1.75,80303943.0,141958534.0
2006-12-28,1.77,1.78,1.85,1.75,67029128.0,120091507.0
2006-12-29,1.78,1.8,1.84,1.78,68130969.0,123736096.0
2007-01-04,1.83,1.85,1.94,1.83,74264230.0,140652546.0
2007-01-05,1.85,2.04,2.04,1.85,81805795.0,162606638.0
2007-01-08,2.09,2.24,2.24,2.09,79224904.0,176246724.0
2007-01-09,2.35,2.29,2.35,2.22,96622552.0,219627128.0
2007-01-10,2.29,2.42,2.5,2.25,107869724.0,253867434.0
2007-01-11,2.5,2.41,2.56,2.4,60940442.0,150343200.0
2007-01-12,2.37,2.23,2.43,2.2,75412209.0,173330062.0
2007-01-15,2.24,2.33,2.34,2.23,71122986.0,162268729.0
2007-01-16,2.35,2.3,2.35,2.2,67443409.0,153825011.0
2007-01-17,2.31,2.53,2.53,2.27,127291108.0,316615694.0
2007-01-18,2.54,2.52,2.62,2.42,104551098.0,262397306.0
2007-01-19,2.55,2.69,2.77,2.55,110863482.0,301265226.0
2007-01-22,2.7,2.78,2.81,2.63,61180461.0,166833126.0
2007-01-23,2.78,2.7,2.78,2.56,44865599.0,119424520.0
2007-01-24,2.69,2.7,2.78,2.61,40696685.0,109764838.0
2007-01-25,2.68,2.55,2.68,2.5,50723807.0,131199712.0
2007-01-26,2.5,2.6,2.68,2.36,46251711.0,115325231.0
2007-01-29,2.65,2.63,2.68,2.56,55556951.0,145837557.0
2007-01-30,2.62,2.75,2.8,2.62,59168159.0,160813919.0
2007-01-31,2.74,2.68,2.91,2.65,61055507.0,168562287.0
2007-02-01,2.6,2.58,2.72,2.55,58644269.0,153922769.0
2007-02-02,2.6,2.45,2.63,2.44,56501162.0,140392015.0
2007-02-05,2.43,2.54,2.6,2.42,41714210.0,105864581.0
2007-02-06,2.5,2.55,2.59,2.43,46999508.0,117503622.0
2007-02-07,2.56,2.57,2.69,2.47,65990897.0,170368608.0
2007-02-08,2.53,2.83,2.83,2.5,82611359.0,229735747.0
2007-02-09,2.9,2.92,2.97,2.78,59455585.0,170971519.0
2007-02-12,2.92,3.03,3.05,2.84,41966023.0,126092006.0
2007-02-13,3.04,3.04,3.06,2.99,27872978.0,84457432.0
2007-02-14,3.03,3.07,3.17,3.0,24729258.0,76650502.0
2007-02-15,3.1,3.06,3.1,3.01,29794360.0,90711844.0
2007-02-16,3.07,3.05,3.17,3.03,23116052.0,71151215.0
2007-02-26,3.05,3.08,3.09,2.93,23976664.0,72452289.0
2007-02-27,3.11,2.82,3.23,2.79,52433341.0,156235954.0
2007-02-28,2.8,2.98,3.0,2.8,21772246.0,62945065.0
2007-03-01,3.0,2.85,3.02,2.84,20736572.0,60307408.0
2007-03-02,2.85,2.91,3.0,2.83,19532986.0,57231458.0
2007-03-05,2.92,2.87,3.02,2.85,24282935.0,71046934.0
2007-03-06,2.87,2.98,3.02,2.85,25677974.0,76024925.0
2007-03-07,3.01,3.03,3.04,2.97,26981295.0,81014165.0
2007-03-08,3.04,3.02,3.05,2.94,15738636.0,47312220.0
2007-03-09,3.02,3.07,3.11,2.95,20485637.0,62304881.0
2007-03-12,3.07,3.08,3.11,3.0,23108503.0,70345135.0
2007-03-13,3.07,3.24,3.3,3.04,30554882.0,96917310.0
2007-03-14,3.23,3.12,3.23,3.01,25855001.0,80854112.0
2007-03-15,3.07,3.09,3.14,3.07,17622473.0,54606265.0
2007-03-16,3.08,2.93,3.09,2.89,37916940.0,112646849.0
2007-03-19,2.82,2.87,2.93,2.79,53918466.0,154081213.0
2007-03-20,2.9,2.92,2.93,2.79,52981384.0,150386058.0
2007-03-21,2.92,2.96,2.98,2.87,48747382.0,141605989.0
2007-03-22,2.96,2.97,3.02,2.96,46049034.0,137716805.0
2007-03-23,3.0,2.9,3.0,2.85,48728361.0,141153557.0
2007-03-26,2.9,3.0,3.0,2.87,68866899.0,201720353.0
2007-03-27,3.0,3.15,3.17,3.0,93697805.0,291546035.0
2007-03-28,3.15,3.09,3.15,2.97,58088010.0,178629566.0
2007-03-29,3.08,2.97,3.09,2.97,45550359.0,137017536.0
2007-03-30,2.95,2.94,2.99,2.9,36314254.0,106772981.0
2007-04-02,2.95,2.99,2.99,2.91,39301235.0,115984104.0
2007-04-03,3.0,3.03,3.05,2.97,52517886.0,158066203.0
2007-04-04,3.04,3.07,3.08,3.01,66441830.0,202550513.0
2007-04-05,3.07,3.15,3.2,3.07,88858343.0,280095830.0
2007-04-06,3.15,3.19,3.25,3.12,76045036.0,244482838.0
2007-04-09,3.21,3.2,3.25,3.18,67619429.0,217351376.0
2007-04-10,3.23,3.28,3.29,3.13,98268802.0,317510102.0
2007-04-11,3.3,3.28,3.37,3.22,56975021.0,188100498.0
2007-04-12,3.28,3.28,3.28,3.28,0.0,0.0
2007-04-13,3.42,3.35,3.59,3.35,83140230.0,287633850.0
2007-04-16,3.41,3.44,3.5,3.4,53437625.0,183769425.0
2007-04-17,3.45,3.49,3.51,3.35,49888418.0,172721236.0
2007-04-18,3.5,3.5,3.51,3.39,69771044.0,241027538.0
2007-04-19,3.5,3.41,3.63,3.19,105021502.0,370098022.0
2007-04-20,3.48,3.62,3.63,3.47,78137853.0,277122149.0
2007-04-23,3.71,3.81,3.83,3.71,73762652.0,278053382.0
2007-04-24,3.86,4.08,4.19,3.8,102708609.0,415745422.0
2007-04-25,4.08,4.23,4.4,3.93,115038774.0,486440685.0
2007-04-26,4.23,4.18,4.39,4.01,64796239.0,270104898.0
2007-04-27,4.17,4.03,4.19,4.0,51999157.0,211077425.0
2007-04-30,3.99,4.06,4.13,3.93,49814769.0,200400127.0
2007-05-08,4.2,4.25,4.38,4.11,60660234.0,256623822.0
2007-05-09,4.26,4.1,4.26,4.01,51044413.0,209455366.0
2007-05-10,4.1,4.14,4.22,4.1,47156783.0,195627687.0
2007-05-11,4.14,3.99,4.14,3.91,66440695.0,264617482.0
2007-05-14,3.95,3.97,4.05,3.86,42539322.0,168203130.0
2007-05-15,3.97,3.97,3.97,3.97,0.0,0.0
2007-05-16,3.83,3.96,4.03,3.73,62487197.0,241002620.0
2007-05-17,3.97,3.97,4.03,3.93,57629185.0,228774721.0
2007-05-18,3.98,3.94,3.99,3.89,49209697.0,193209193.0
2007-05-21,3.83,3.96,3.97,3.76,93121471.0,360906886.0
2007-05-22,4.01,4.23,4.32,4.01,114427655.0,477869297.0
2007-05-23,4.26,4.28,4.31,4.15,79395875.0,337157827.0
2007-05-24,4.28,4.23,4.43,4.2,86976511.0,372968062.0
2007-05-25,4.23,4.22,4.33,4.15,67434278.0,284117491.0
2007-05-28,4.25,4.32,4.4,4.21,91375998.0,394498887.0
2007-05-29,4.36,4.36,4.44,4.24,90104131.0,392898021.0
2007-05-30,4.13,3.93,4.32,3.93,90361836.0,370394367.0
2007-05-31,3.91,3.88,4.01,3.54,84194745.0,321742659.0
2007-06-01,3.96,3.95,4.08,3.88,85330449.0,340679479.0
2007-06-04,4.08,3.58,4.13,3.56,69043615.0,264211834.0
2007-06-05,3.52,3.73,3.75,3.22,95177412.0,331805201.0
2007-06-06,3.88,3.96,4.06,3.8,103538539.0,407466780.0
2007-06-07,3.98,4.08,4.18,3.98,77901515.0,318658724.0
2007-06-08,4.11,4.08,4.17,3.92,78021057.0,315910723.0
2007-06-11,4.09,4.25,4.27,4.01,142167524.0,587918283.0
2007-06-12,4.27,4.38,4.4,4.18,130831237.0,564679756.0
2007-06-13,4.48,4.39,4.59,4.39,107512495.0,481035121.0
2007-06-14,4.37,4.22,4.37,4.21,66145935.0,283439817.0
2007-06-15,4.22,4.29,4.36,4.2,54105924.0,231793675.0
2007-06-18,4.36,4.32,4.42,4.25,68204412.0,295473895.0
2007-06-19,4.32,4.25,4.36,4.13,78802510.0,331320314.0
2007-06-20,4.25,4.31,4.34,4.16,82476764.0,351751112.0
2007-06-21,4.38,4.74,4.74,4.38,246492371.0,1148458073.0
2007-06-22,4.81,4.43,4.86,4.29,163162694.0,748253030.0
2007-06-25,4.48,4.01,4.55,3.99,100493532.0,421908703.0
2007-06-26,3.87,4.13,4.13,3.81,66057640.0,260580107.0
2007-06-27,4.15,4.18,4.21,4.06,55241769.0,229545472.0
2007-06-28,4.18,3.91,4.28,3.87,66595011.0,274453614.0
2007-06-29,3.8,3.93,4.06,3.75,73670482.0,290198048.0
2007-07-02,3.93,4.04,4.1,3.93,55468253.0,222464968.0
2007-07-03,4.08,4.05,4.12,3.98,30954249.0,124932893.0
2007-07-04,4.06,3.87,4.06,3.82,41223433.0,161748374.0
2007-07-05,3.82,3.48,3.85,3.48,52546556.0,190382507.0
2007-07-06,3.47,3.7,3.71,3.47,57618973.0,207060074.0
2007-07-09,3.76,3.76,3.8,3.68,35222445.0,132121297.0
2007-07-10,3.77,3.64,3.78,3.54,54484855.0,198717844.0
2007-07-11,3.68,3.65,3.72,3.55,51765564.0,187627461.0
2007-07-12,3.65,3.67,3.67,3.58,36038687.0,130541244.0
2007-07-13,3.68,3.73,3.75,3.64,33721765.0,124790101.0
2007-07-16,3.7,3.58,3.73,3.55,25463313.0,92221257.0
2007-07-17,3.56,3.62,3.64,3.56,20830747.0,75096060.0
2007-07-18,3.61,3.69,3.73,3.58,33430617.0,122316800.0
2007-07-19,3.69,3.65,3.69,3.61,16180209.0,59100470.0
2007-07-20,3.67,3.83,3.84,3.65,54434795.0,204771389.0
2007-07-23,3.81,4.01,4.03,3.81,69940280.0,276294615.0
2007-07-24,4.06,3.98,4.17,3.96,66940395.0,273273443.0
2007-07-25,4.01,4.23,4.27,4.01,76041028.0,315971487.0
2007-07-26,4.26,4.19,4.3,4.12,52533300.0,219324872.0
2007-07-27,4.17,4.15,4.18,4.08,46491568.0,191800092.0
2007-07-30,4.14,4.21,4.24,4.11,68791507.0,288370026.0
2007-07-31,4.23,4.35,4.39,4.23,92517177.0,401788289.0
2007-08-01,4.4,4.08,4.43,4.06,72349780.0,305588177.0
2007-08-02,4.1,4.18,4.25,4.07,48769809.0,203434296.0
2007-08-03,4.2,4.19,4.25,4.08,60062153.0,249329649.0
2007-08-06,4.2,4.35,4.36,4.13,82527340.0,351085920.0
2007-08-07,4.36,4.34,4.42,4.25,93356076.0,406029408.0
2007-08-08,4.29,4.4,4.42,4.19,77226960.0,333091528.0
2007-08-09,4.39,4.47,4.6,4.39,100775361.0,455996891.0
2007-08-10,4.49,4.55,4.64,4.46,86897927.0,395812266.0
2007-08-13,4.65,4.76,4.94,4.65,127127277.0,610512292.0
2007-08-14,4.79,4.7,4.84,4.59,64346803.0,301901180.0
2007-08-15,4.7,4.59,4.75,4.46,59727422.0,273235003.0
2007-08-16,4.56,4.57,4.67,4.5,49446067.0,226489746.0
2007-08-17,4.5,4.41,4.58,4.39,42113062.0,187967077.0
2007-08-20,4.59,4.68,4.69,4.51,48607219.0,224005458.0
2007-08-21,4.7,4.84,4.91,4.7,69586251.0,337143362.0
2007-08-22,4.74,4.89,4.94,4.7,60279480.0,293905153.0
2007-08-23,4.89,4.83,4.92,4.77,40628406.0,195836383.0
2007-08-24,4.84,5.04,5.1,4.84,63189224.0,315970397.0
2007-08-27,5.12,4.94,5.2,4.88,66552421.0,329999755.0
2007-08-28,4.89,4.99,5.06,4.72,51476944.0,250018764.0
2007-08-29,5.02,4.89,5.02,4.79,50836898.0,249481283.0
2007-08-30,4.88,4.89,4.94,4.82,32637640.0,159017081.0
2007-08-31,4.9,4.92,5.02,4.85,30515103.0,150378158.0
2007-09-03,4.92,5.2,5.24,4.92,76821827.0,390981727.0
2007-09-04,5.72,5.47,5.72,5.22,97008915.0,534695342.0
2007-09-05,5.58,5.63,5.72,5.47,92412136.0,513744637.0
2007-09-06,5.72,5.53,5.83,5.51,120513858.0,675157041.0
2007-09-07,5.53,5.53,5.53,5.53,0.0,0.0
2007-09-10,5.53,5.53,5.53,5.53,0.0,0.0
2007-09-11,5.53,5.53,5.53,5.53,0.0,0.0
2007-09-12,5.53,5.53,5.53,5.53,0.0,0.0
2007-09-13,5.53,5.53,5.53,5.53,0.0,0.0
2007-09-14,5.53,5.53,5.53,5.53,0.0,0.0
2007-09-17,5.59,6.08,6.08,5.59,52147645.0,304853703.0
2007-09-18,6.29,6.49,6.63,6.11,58096865.0,371672658.0
2007-09-19,6.5,6.16,6.6,6.08,36119805.0,228970995.0
2007-09-20,6.16,6.16,6.16,6.16,0.0,0.0
2007-09-21,6.26,5.89,6.38,5.74,36523726.0,217018452.0
2007-09-24,5.76,5.86,6.13,5.61,49645982.0,288082153.0
2007-09-25,5.85,5.62,5.91,5.55,31516123.0,179627043.0
2007-09-26,5.62,5.56,5.76,5.53,21420484.0,120727599.0
2007-09-27,5.56,5.59,5.62,5.33,35446476.0,193828417.0
2007-09-28,5.64,5.69,5.73,5.58,44713338.0,252510464.0
2007-10-08,5.79,5.66,5.87,5.66,44086912.0,253874402.0
2007-10-09,5.65,5.57,5.76,5.47,56262346.0,312826753.0
2007-10-10,5.57,5.53,5.64,5.47,46520452.0,259302743.0
2007-10-11,5.52,5.47,5.6,5.44,61643793.0,338989145.0
2007-10-12,5.49,5.62,5.68,5.33,72734509.0,403148360.0
2007-10-15,5.64,5.9,5.93,5.47,105614772.0,608418753.0
2007-10-16,5.94,5.72,5.96,5.71,64196971.0,371993888.0
2007-10-17,5.74,5.74,5.83,5.58,44554155.0,253560107.0
2007-10-18,5.75,5.49,5.76,5.48,34360363.0,190558731.0
2007-10-19,5.49,5.3,5.56,5.23,48971495.0,261863653.0
2007-10-22,5.29,5.02,5.29,5.02,27484998.0,141223087.0
2007-10-23,5.0,5.06,5.12,4.92,29226585.0,146990582.0
2007-10-24,5.12,4.91,5.16,4.89,32517243.0,163965059.0
2007-10-25,4.89,4.49,4.89,4.47,41865819.0,193839093.0
2007-10-26,4.46,4.59,4.6,4.37,32191449.0,143869303.0
2007-10-29,4.67,4.7,4.74,4.59,22992897.0,107131547.0
2007-10-30,4.76,4.81,4.86,4.71,26614135.0,127513173.0
2007-10-31,4.86,4.92,4.95,4.81,49089313.0,240115379.0
2007-11-01,4.95,4.64,4.97,4.64,47587345.0,227992008.0
2007-11-02,4.65,4.66,4.8,4.56,29117628.0,136653578.0
2007-11-05,4.64,4.81,4.82,4.52,27294863.0,129186370.0
2007-11-06,4.8,4.89,4.95,4.76,27916884.0,136141291.0
2007-11-07,4.91,4.85,4.95,4.8,17146821.0,83349449.0
2007-11-08,4.85,4.76,4.95,4.75,31744369.0,154687758.0
2007-11-09,4.71,4.6,4.71,4.58,23628002.0,109197923.0
2007-11-12,4.52,4.68,4.7,4.39,23810152.0,107205962.0
2007-11-13,4.66,4.6,4.8,4.55,20546867.0,96296765.0
2007-11-14,4.65,4.76,4.77,4.56,22048776.0,102853160.0
2007-11-15,4.76,4.62,4.78,4.59,17039011.0,79893155.0
2007-11-16,4.56,4.62,4.65,4.5,11547063.0,53188134.0
2007-11-19,4.65,4.71,4.74,4.56,12166334.0,57002989.0
2007-11-20,4.73,4.89,4.94,4.7,34377322.0,167319817.0
2007-11-21,4.92,4.82,4.97,4.81,34561252.0,169722862.0
2007-11-22,4.76,4.67,4.85,4.65,27607626.0,131222579.0
2007-11-23,4.67,4.83,4.86,4.63,11849896.0,56694784.0
2007-11-26,4.92,4.76,4.95,4.75,15707606.0,75888597.0
2007-11-27,4.76,4.63,4.76,4.59,13833393.0,64607578.0
2007-11-28,4.64,4.54,4.71,4.52,11287717.0,52016225.0
2007-11-29,4.61,4.68,4.7,4.5,12119386.0,55834714.0
2007-11-30,4.67,4.55,4.67,4.52,13575998.0,62067449.0
2007-12-03,4.54,4.33,4.54,4.26,53512907.0,233728401.0
2007-12-04,4.36,4.37,4.41,4.29,36537613.0,158731128.0
2007-12-05,4.38,4.51,4.52,4.33,42454456.0,187823849.0
2007-12-06,4.54,4.45,4.55,4.42,38893674.0,173564514.0
2007-12-07,4.49,4.59,4.61,4.47,48430283.0,220055499.0
2007-12-10,4.52,4.77,4.78,4.48,50249984.0,233901018.0
2007-12-11,4.8,4.77,4.8,4.69,35713814.0,169242607.0
2007-12-12,4.76,4.9,4.94,4.71,52301919.0,254165770.0
2007-12-13,4.92,4.75,5.02,4.74,71460188.0,351996718.0
2007-12-14,4.69,4.79,4.8,4.6,30023864.0,140690856.0
2007-12-17,4.8,4.72,4.81,4.71,20325741.0,96371364.0
2007-12-18,4.71,4.69,4.78,4.67,14402278.0,67899690.0
2007-12-19,4.8,4.8,4.84,4.72,19669875.0,94219173.0
2007-12-20,4.8,4.92,4.97,4.78,41477321.0,204057445.0
2007-12-21,4.87,4.97,4.98,4.87,32052105.0,158544076.0
2007-12-24,5.05,5.09,5.14,4.96,70550366.0,356635397.0
2007-12-25,5.1,5.06,5.13,5.01,39262485.0,198987390.0
2007-12-26,5.08,5.12,5.16,4.99,53447384.0,271065060.0
2007-12-27,5.16,5.19,5.31,5.14,43307810.0,226207350.0
2007-12-28,5.17,5.06,5.22,5.04,34302094.0,175513824.0
2008-01-02,5.07,5.18,5.19,5.04,28200432.0,144446585.0
2008-01-03,5.17,5.35,5.4,5.1,55395970.0,293377132.0
2008-01-04,5.4,5.36,5.47,5.35,30993213.0,167205980.0
2008-01-07,5.35,5.38,5.41,5.29,29391726.0,157654014.0
2008-01-08,5.39,5.21,5.47,5.17,46301158.0,246937265.0
2008-01-09,5.2,5.24,5.26,5.12,58055204.0,301273741.0
2008-01-10,5.24,5.11,5.24,5.02,172180576.0,878227583.0
2008-01-11,5.11,5.0,5.14,4.92,103907832.0,518867003.0
2008-01-14,5.0,5.12,5.12,5.0,60194021.0,304615289.0
2008-01-15,5.14,5.2,5.22,5.12,87057284.0,450246988.0
2008-01-16,5.2,5.04,5.2,5.03,46324780.0,235581231.0
2008-01-17,4.99,4.86,5.05,4.77,65344258.0,320279162.0
2008-01-18,4.81,4.85,4.89,4.77,51120695.0,245730642.0
2008-01-21,4.86,4.55,4.88,4.52,46443364.0,217501608.0
2008-01-22,4.47,4.09,4.47,4.09,64213022.0,271250945.0
2008-01-23,4.09,4.28,4.3,4.09,41185775.0,173997145.0
2008-01-24,4.35,4.32,4.39,4.26,35331757.0,153006262.0
2008-01-25,4.36,4.37,4.41,4.22,33755064.0,146176376.0
2008-01-28,4.36,4.04,4.36,4.02,35035399.0,146654922.0
2008-01-29,4.06,4.11,4.15,3.98,19085587.0,77647952.0
2008-01-30,4.16,4.19,4.29,4.11,31462141.0,132114846.0
2008-01-31,4.19,4.13,4.25,4.13,15927894.0,66672045.0
2008-02-01,4.13,3.99,4.18,3.82,25503439.0,101482227.0
2008-02-04,4.09,4.34,4.35,4.08,38688320.0,162584908.0
2008-02-05,4.39,4.4,4.49,4.25,47580782.0,209179863.0
2008-02-13,4.41,4.43,4.48,4.29,25990400.0,114549985.0
2008-02-14,4.45,4.43,4.49,4.4,23968614.0,106717195.0
2008-02-15,4.39,4.38,4.41,4.28,19346203.0,83795936.0
2008-02-18,4.45,4.47,4.52,4.44,26035802.0,116690818.0
2008-02-19,4.5,4.55,4.55,4.46,24812308.0,111674509.0
2008-02-20,4.56,4.51,4.67,4.5,35878820.0,164472664.0
2008-02-21,4.5,4.47,4.53,4.39,17752017.0,79225902.0
2008-02-22,4.46,4.26,4.46,4.24,29875535.0,128837775.0
2008-02-25,4.31,4.22,4.37,4.19,21287519.0,91156469.0
2008-02-26,4.36,4.31,4.4,4.16,22977944.0,98012360.0
2008-02-27,4.3,4.59,4.6,4.29,33114751.0,147614336.0
2008-02-28,4.29,4.32,4.43,4.16,47722041.0,206742935.0
2008-02-29,4.3,4.23,4.32,4.18,55598604.0,235874605.0
2008-03-03,4.21,4.27,4.3,4.14,52698185.0,224048530.0
2008-03-04,4.29,4.22,4.33,4.19,36827639.0,156666612.0
2008-03-05,4.19,4.08,4.22,4.01,57882967.0,236326306.0
2008-03-06,4.09,4.12,4.19,4.01,29619735.0,121734138.0
2008-03-07,4.13,4.05,4.14,4.02,33252815.0,134991600.0
2008-03-10,4.04,3.89,4.04,3.88,39968954.0,157441258.0
2008-03-11,3.86,3.91,3.93,3.8,31477084.0,121391560.0
2008-03-12,3.98,3.77,4.0,3.77,26839309.0,103425136.0
2008-03-13,3.78,3.61,3.81,3.53,31471304.0,115556106.0
2008-03-14,3.6,3.5,3.62,3.43,25265994.0,88672576.0
2008-03-17,3.4,3.26,3.47,3.24,25310143.0,85212131.0
2008-03-18,3.2,3.07,3.31,3.0,31642946.0,99496700.0
2008-03-19,3.12,3.18,3.23,3.06,36079262.0,113270599.0
2008-03-20,3.18,3.18,3.18,3.18,0.0,0.0
2008-03-21,3.27,3.3,3.34,3.21,52754578.0,173915716.0
2008-03-24,3.33,3.22,3.41,3.21,34904072.0,116656460.0
2008-03-25,3.18,3.28,3.31,3.13,17440564.0,56175013.0
2008-03-26,3.3,3.34,3.36,3.27,20569134.0,68384736.0
2008-03-27,3.34,3.19,3.34,3.19,22361045.0,72946415.0
2008-03-28,3.13,3.31,3.32,3.02,30037162.0,95589675.0
2008-03-31,3.29,3.34,3.39,3.19,53571755.0,178309182.0
2008-04-01,3.31,3.07,3.34,3.06,23054752.0,72990488.0
2008-04-02,3.1,2.95,3.16,2.89,28404783.0,85600087.0
2008-04-03,2.97,3.03,3.07,2.86,21538693.0,64073345.0
2008-04-07,3.02,3.2,3.21,2.96,33090855.0,103401063.0
2008-04-08,3.2,3.21,3.29,3.16,37649540.0,121045279.0
2008-04-09,3.18,3.0,3.21,2.99,28673341.0,89403704.0
2008-04-10,2.95,3.02,3.03,2.91,20622942.0,61208389.0
2008-04-11,3.04,3.02,3.07,2.98,18981528.0,57224971.0
2008-04-14,2.96,2.77,2.96,2.77,31620643.0,89975579.0
2008-04-15,2.76,2.78,2.8,2.62,22305924.0,60294147.0
2008-04-16,2.78,2.63,2.78,2.63,18436009.0,49246900.0
2008-04-17,2.58,2.43,2.61,2.42,39097232.0,97366915.0
2008-04-18,2.4,2.37,2.45,2.33,22829509.0,54166400.0
2008-04-21,2.55,2.37,2.58,2.34,28706544.0,70320338.0
2008-04-22,2.29,2.38,2.4,2.24,21639370.0,49931027.0
2008-04-23,2.35,2.43,2.46,2.31,29168800.0,70079847.0
2008-04-24,2.64,2.67,2.67,2.55,73282436.0,191782201.0
2008-04-25,2.61,2.65,2.76,2.57,64698822.0,171716022.0
2008-04-28,2.63,2.59,2.66,2.58,32201740.0,83924664.0
2008-04-29,2.57,2.75,2.78,2.57,71212538.0,193754810.0
2008-04-30,2.75,2.92,2.96,2.71,85011715.0,241201055.0
2008-05-05,3.01,2.96,3.03,2.91,54717463.0,161729435.0
2008-05-06,2.95,3.04,3.12,2.91,59003358.0,179705041.0
2008-05-07,3.04,2.84,3.08,2.82,36373163.0,107452321.0
2008-05-08,2.81,2.87,2.88,2.78,25508716.0,72192833.0
2008-05-09,2.9,2.78,2.91,2.73,28037726.0,78947166.0
2008-05-12,2.78,2.82,2.89,2.74,15571325.0,43558962.0
2008-05-13,2.72,2.77,2.85,2.71,32389085.0,90413323.0
2008-05-14,2.77,2.84,2.85,2.75,19353586.0,54528725.0
2008-05-15,2.88,2.98,3.07,2.87,52888896.0,159235874.0
2008-05-16,2.97,2.86,2.97,2.85,28131181.0,81056131.0
2008-05-19,2.86,2.82,2.91,2.79,15556561.0,44164489.0
2008-05-20,2.85,2.63,2.86,2.59,17902843.0,49284172.0
2008-05-21,2.61,2.74,2.75,2.59,25783048.0,68794408.0
2008-05-22,2.69,2.86,2.89,2.68,38918007.0,109070370.0
2008-05-23,2.84,2.86,2.91,2.77,35075520.0,99502441.0
2008-05-26,2.83,2.84,2.97,2.77,46709711.0,135512930.0
2008-05-27,2.85,2.83,2.88,2.79,27265898.0,77301855.0
2008-05-28,2.83,2.89,2.91,2.75,33616127.0,95407300.0
2008-05-29,2.91,2.9,2.97,2.88,36193306.0,106061852.0
2008-05-30,2.9,2.9,2.9,2.9,0.0,0.0
2008-06-02,2.98,3.19,3.19,2.94,155872175.0,488980684.0
2008-06-03,3.15,3.11,3.21,3.06,105987363.0,332517915.0
2008-06-04,3.1,3.14,3.21,3.08,78532930.0,247727867.0
2008-06-05,3.09,2.94,3.1,2.92,64250333.0,192788891.0
2008-06-06,2.91,2.93,3.02,2.91,31029683.0,91495962.0
2008-06-10,2.8,2.64,2.8,2.64,28396917.0,76235077.0
2008-06-11,2.49,2.59,2.63,2.4,39439430.0,98829017.0
2008-06-12,2.55,2.46,2.59,2.37,43545207.0,107484608.0
2008-06-13,2.49,2.32,2.51,2.32,22168680.0,53409196.0
2008-06-16,2.35,2.29,2.39,2.26,15194617.0,35344350.0
2008-06-17,2.31,2.17,2.35,2.17,16041619.0,36233184.0
2008-06-18,2.17,2.33,2.35,2.06,23981543.0,53393465.0
2008-06-19,2.31,2.1,2.33,2.1,20917991.0,45937998.0
2008-06-20,2.31,2.31,2.31,2.2,81988265.0,187652418.0
2008-06-23,2.28,2.27,2.32,2.23,45162886.0,102609902.0
2008-06-24,2.23,2.22,2.24,2.12,29763402.0,65212503.0
2008-06-25,2.2,2.34,2.34,2.17,36790446.0,83688772.0
2008-06-26,2.31,2.35,2.39,2.28,34203495.0,79756985.0
2008-06-27,2.28,2.16,2.32,2.12,32198757.0,71367738.0
2008-06-30,2.11,2.08,2.18,1.99,39565763.0,81776269.0
2008-07-01,2.11,2.0,2.12,1.98,27589310.0,55784297.0
2008-07-02,2.03,2.01,2.09,2.0,29194018.0,59753728.0
2008-07-03,2.05,2.15,2.18,2.0,49876434.0,105094726.0
2008-07-04,2.14,2.21,2.22,2.09,32979980.0,71444855.0
2008-07-07,2.22,2.28,2.31,2.17,28500127.0,64416135.0
2008-07-08,2.28,2.27,2.32,2.21,22721634.0,51457750.0
2008-07-09,2.27,2.37,2.43,2.27,39405099.0,93232983.0
2008-07-10,2.36,2.34,2.43,2.3,29312043.0,69887839.0
2008-07-11,2.37,2.37,2.41,2.31,20894141.0,49238501.0
2008-07-14,2.37,2.35,2.38,2.32,12251036.0,28762630.0
2008-07-15,2.35,2.23,2.38,2.23,18986450.0,43343491.0
2008-07-16,2.19,2.14,2.22,2.11,18267682.0,39161146.0
2008-07-17,2.15,2.07,2.22,2.07,17639420.0,37371375.0
2008-07-18,2.1,2.16,2.17,2.08,12067178.0,25535649.0
2008-07-21,2.17,2.23,2.25,2.14,15698853.0,34601342.0
2008-07-22,2.26,2.21,2.26,2.19,11553896.0,25690073.0
2008-07-23,2.22,2.22,2.27,2.2,14698604.0,32820589.0
2008-07-24,2.27,2.32,2.34,2.23,26950758.0,61721425.0
2008-07-25,2.3,2.38,2.41,2.26,41506424.0,98490247.0
2008-07-28,2.4,2.47,2.49,2.4,46969450.0,115561112.0
2008-07-29,2.44,2.4,2.46,2.35,34196831.0,81631138.0
2008-07-30,2.42,2.36,2.44,2.35,17471293.0,41766231.0
2008-07-31,2.37,2.27,2.39,2.27,11112830.0,25588926.0
2008-08-01,2.26,2.31,2.33,2.22,10170111.0,23106027.0
2008-08-04,2.29,2.35,2.36,2.25,16809056.0,39189249.0
2008-08-05,2.31,2.42,2.47,2.31,45175385.0,109478503.0
2008-08-06,2.41,2.43,2.49,2.38,36331309.0,88839513.0
2008-08-07,2.4,2.43,2.47,2.38,16275807.0,39511200.0
2008-08-08,2.42,2.35,2.48,2.32,30266011.0,73216063.0
2008-08-11,2.34,2.3,2.42,2.27,31128711.0,73020821.0
2008-08-12,2.3,2.38,2.4,2.22,19434160.0,45127278.0
2008-08-13,2.37,2.51,2.54,2.34,66078993.0,163621763.0
2008-08-14,2.5,2.55,2.57,2.47,37555759.0,94846081.0
2008-08-15,2.52,2.55,2.59,2.47,31655894.0,80899904.0
2008-08-18,2.58,2.53,2.6,2.51,39678671.0,101389946.0
2008-08-19,2.49,2.56,2.68,2.47,65950084.0,169571114.0
2008-08-20,2.56,2.56,2.56,2.56,0.0,0.0
2008-08-21,2.62,2.36,2.62,2.35,98916620.0,243752272.0
2008-08-22,2.31,2.2,2.31,2.15,32070332.0,71119860.0
2008-08-25,2.18,2.24,2.29,2.13,19987456.0,44601538.0
2008-08-26,2.19,2.22,2.26,2.18,15393473.0,34104196.0
2008-08-27,2.19,2.23,2.25,2.17,12104989.0,26741838.0
2008-08-28,2.22,2.3,2.34,2.22,14869617.0,34130122.0
2008-08-29,2.28,2.38,2.4,2.27,11924564.0,27975709.0
2008-09-01,2.37,2.34,2.39,2.3,8297005.0,19495493.0
2008-09-02,2.32,2.37,2.4,2.31,6103360.0,14300210.0
2008-09-03,2.37,2.42,2.44,2.33,18419347.0,44128888.0
2008-09-04,2.41,2.47,2.52,2.4,20241011.0,50122000.0
2008-09-05,2.43,2.42,2.46,2.39,10612376.0,25703101.0
2008-09-08,2.42,2.27,2.43,2.25,10006535.0,23102276.0
2008-09-09,2.27,2.35,2.36,2.26,7980696.0,18542324.0
2008-09-10,2.36,2.42,2.46,2.32,7104694.0,17139658.0
2008-09-11,2.4,2.43,2.47,2.39,12630720.0,30790002.0
2008-09-12,2.46,2.38,2.51,2.32,23377191.0,56487330.0
2008-09-16,2.34,2.48,2.5,2.31,25655426.0,62946514.0
2008-09-17,2.46,2.38,2.51,2.37,28877897.0,71139589.0
2008-09-18,2.35,2.3,2.41,2.16,27524915.0,63348899.0
2008-09-19,2.5,2.53,2.53,2.44,39183821.0,98303606.0
2008-09-22,2.68,2.56,2.76,2.44,69621117.0,181068741.0
2008-09-23,2.46,2.47,2.48,2.39,27222950.0,66144505.0
2008-09-24,2.41,2.52,2.53,2.39,15792345.0,38882840.0
2008-09-25,2.54,2.67,2.73,2.52,65819290.0,175050811.0
2008-09-26,2.68,2.76,2.79,2.65,61256800.0,166831078.0
2008-10-06,2.74,2.56,2.74,2.55,21874067.0,58137562.0
2008-10-07,2.5,2.69,2.72,2.49,31834672.0,84260699.0
2008-10-08,2.66,2.72,2.75,2.62,32875237.0,88885620.0
2008-10-09,2.73,2.68,2.79,2.63,29280057.0,79184461.0
2008-10-10,2.59,2.62,2.66,2.55,18199408.0,47654839.0
2008-10-13,2.62,2.72,2.72,2.55,31667795.0,84273732.0
2008-10-14,2.78,2.74,2.79,2.68,38519928.0,105581518.0
2008-10-15,2.72,2.6,2.72,2.59,25558005.0,67199357.0
2008-10-16,2.52,2.53,2.61,2.5,18861021.0,48114098.0
2008-10-17,2.55,2.56,2.61,2.52,12744963.0,32794016.0
2008-10-20,2.55,2.64,2.64,2.51,13057397.0,33788986.0
2008-10-21,2.64,2.55,2.66,2.53,21514855.0,55747585.0
2008-10-22,2.53,2.29,2.53,2.29,40522778.0,95459268.0
2008-10-23,2.16,2.21,2.29,2.12,38590681.0,85860656.0
2008-10-24,2.21,2.11,2.26,2.09,21094374.0,46040164.0
2008-10-27,2.09,2.12,2.15,1.97,26447162.0,55078688.0
2008-10-28,2.09,2.24,2.27,2.04,20195503.0,44211148.0
2008-10-29,2.25,2.2,2.26,2.19,13092856.0,28987992.0
2008-10-30,2.21,2.3,2.34,2.17,21456988.0,49092760.0
2008-10-31,2.27,2.33,2.41,2.27,20144040.0,47377560.0
2008-11-03,2.29,2.31,2.34,2.27,11646918.0,26788624.0
2008-11-04,2.28,2.19,2.31,2.18,10881225.0,24249140.0
2008-11-05,2.18,2.28,2.36,2.18,14124996.0,32270812.0
2008-11-06,2.23,2.17,2.27,2.15,13700945.0,30106976.0
2008-11-07,2.17,2.17,2.17,2.17,0.0,0.0
2008-11-10,2.23,2.34,2.35,2.18,30833137.0,69351912.0
2008-11-11,2.28,2.29,2.39,2.26,20036707.0,46739300.0
2008-11-12,2.28,2.31,2.35,2.25,10554795.0,24319512.0
2008-11-13,2.28,2.43,2.48,2.26,32569419.0,77615056.0
2008-11-14,2.43,2.55,2.55,2.43,34830213.0,87794288.0
2008-11-17,2.59,2.59,2.61,2.51,21771972.0,55918092.0
2008-11-18,2.57,2.41,2.59,2.37,24438071.0,61087488.0
2008-11-19,2.41,2.54,2.54,2.37,19656750.0,48591032.0
2008-11-20,2.52,2.57,2.63,2.47,32860194.0,84559400.0
2008-11-21,2.51,2.63,2.68,2.45,31633239.0,81821568.0
2008-11-24,2.64,2.5,2.64,2.49,16260599.0,41473248.0
2008-11-25,2.51,2.51,2.56,2.45,9598924.0,23874272.0
2008-11-26,2.49,2.6,2.63,2.49,15867299.0,41091912.0
2008-11-27,2.77,2.62,2.82,2.59,48128306.0,131781168.0
2008-11-28,2.6,2.66,2.75,2.57,29325916.0,78815392.0
2008-12-01,2.65,2.67,2.71,2.56,23784208.0,62568216.0
2008-12-02,2.62,2.67,2.76,2.57,30173805.0,81375416.0
2008-12-03,2.65,2.71,2.71,2.61,38130533.0,101574384.0
2008-12-04,2.71,2.67,2.79,2.66,59581114.0,163211120.0
2008-12-05,2.65,2.67,2.75,2.55,63619401.0,168049936.0
2008-12-08,2.67,2.81,2.83,2.6,123204836.0,330486688.0
2008-12-09,2.81,2.81,2.81,2.81,0.0,0.0
2008-12-10,2.81,2.81,2.81,2.81,0.0,0.0
2008-12-11,2.81,2.81,2.81,2.81,0.0,0.0
2008-12-12,2.81,2.81,2.81,2.81,0.0,0.0
2008-12-15,2.81,2.81,2.81,2.81,0.0,0.0
2008-12-16,2.81,2.81,2.81,2.81,0.0,0.0
2008-12-17,2.81,2.81,2.81,2.81,0.0,0.0
2008-12-18,2.81,2.81,2.81,2.81,0.0,0.0
2008-12-19,2.81,2.81,2.81,2.81,0.0,0.0
2008-12-22,2.81,2.81,2.81,2.81,0.0,0.0
2008-12-23,2.81,2.81,2.81,2.81,0.0,0.0
2008-12-24,2.81,2.81,2.81,2.81,0.0,0.0
2008-12-25,2.81,2.81,2.81,2.81,0.0,0.0
2008-12-26,2.81,2.81,2.81,2.81,0.0,0.0
2008-12-29,2.81,2.81,2.81,2.81,0.0,0.0
2008-12-30,2.81,2.81,2.81,2.81,0.0,0.0
2008-12-31,2.81,2.81,2.81,2.81,0.0,0.0
2009-01-05,2.81,2.81,2.81,2.81,0.0,0.0
2009-01-06,2.81,2.81,2.81,2.81,0.0,0.0
2009-01-07,2.81,2.81,2.81,2.81,0.0,0.0
2009-01-08,2.81,2.81,2.81,2.81,0.0,0.0
2009-01-09,2.81,2.81,2.81,2.81,0.0,0.0
2009-01-12,2.81,2.81,2.81,2.81,0.0,0.0
2009-01-13,2.81,2.81,2.81,2.81,0.0,0.0
2009-01-14,2.81,2.81,2.81,2.81,0.0,0.0
2009-01-15,2.81,2.81,2.81,2.81,0.0,0.0
2009-01-16,2.81,2.81,2.81,2.81,0.0,0.0
2009-01-19,2.81,2.81,2.81,2.81,0.0,0.0
2009-01-20,2.81,2.81,2.81,2.81,0.0,0.0
2009-01-21,2.81,2.81,2.81,2.81,0.0,0.0
2009-01-22,2.81,2.81,2.81,2.81,0.0,0.0
2009-01-23,2.81,2.81,2.81,2.81,0.0,0.0
2009-02-02,2.81,2.81,2.81,2.81,0.0,0.0
2009-02-03,2.81,2.81,2.81,2.81,0.0,0.0
2009-02-04,2.81,2.81,2.81,2.81,0.0,0.0
2009-02-05,2.81,2.81,2.81,2.81,0.0,0.0
2009-02-06,2.81,2.81,2.81,2.81,0.0,0.0
2009-02-09,2.81,2.81,2.81,2.81,0.0,0.0
2009-02-10,2.81,2.81,2.81,2.81,0.0,0.0
2009-02-11,2.81,2.81,2.81,2.81,0.0,0.0
2009-02-12,2.81,2.81,2.81,2.81,0.0,0.0
2009-02-13,2.81,2.81,2.81,2.81,0.0,0.0
2009-02-16,2.81,2.81,2.81,2.81,0.0,0.0
2009-02-17,2.81,2.81,2.81,2.81,0.0,0.0
2009-02-18,2.81,2.81,2.81,2.81,0.0,0.0
2009-02-19,2.81,2.81,2.81,2.81,0.0,0.0
2009-02-20,2.81,2.81,2.81,2.81,0.0,0.0
2009-02-23,2.81,2.81,2.81,2.81,0.0,0.0
2009-02-24,2.81,2.81,2.81,2.81,0.0,0.0
2009-02-25,2.81,2.81,2.81,2.81,0.0,0.0
2009-02-26,2.81,2.81,2.81,2.81,0.0,0.0
2009-02-27,2.81,2.81,2.81,2.81,0.0,0.0
2009-03-02,2.81,2.81,2.81,2.81,0.0,0.0
2009-03-03,2.81,2.81,2.81,2.81,0.0,0.0
2009-03-04,3.09,3.09,3.09,3.09,5353103.0,16542245.0
2009-03-05,3.4,3.4,3.4,3.4,5826155.0,19797314.0
2009-03-06,3.54,3.19,3.54,3.16,318102085.0,1063633344.0
2009-03-09,3.23,3.33,3.4,3.21,152276810.0,504271936.0
2009-03-10,3.28,3.34,3.35,3.18,48342679.0,158470480.0
2009-03-11,3.38,3.2,3.4,3.19,52231445.0,170062272.0
2009-03-12,3.18,3.15,3.18,3.05,51339718.0,159641264.0
2009-03-13,3.15,3.07,3.19,3.06,34550315.0,107901576.0
2009-03-16,3.03,3.09,3.13,3.02,28368483.0,87575144.0
2009-03-17,3.09,3.25,3.26,3.07,49314938.0,156502848.0
2009-03-18,3.23,3.24,3.31,3.08,47544951.0,154816112.0
2009-03-19,3.23,3.25,3.28,3.2,31899905.0,103586488.0
2009-03-20,3.26,3.19,3.27,3.12,37481410.0,118985576.0
2009-03-23,3.15,3.19,3.23,3.15,38551115.0,122843792.0
2009-03-24,3.22,3.2,3.27,3.17,38396656.0,123495568.0
2009-03-25,3.2,3.1,3.2,3.1,29792679.0,93642672.0
2009-03-26,3.1,3.16,3.17,3.06,32707636.0,101735264.0
2009-03-27,3.19,3.25,3.34,3.17,69523457.0,227903296.0
2009-03-30,3.27,3.23,3.33,3.23,47802945.0,156694032.0
2009-03-31,3.17,3.16,3.19,3.07,50756328.0,159081744.0
2009-04-01,3.16,3.16,3.16,3.16,0.0,0.0
2009-04-02,3.21,3.22,3.24,3.16,58250293.0,186460816.0
2009-04-03,3.23,3.13,3.24,3.11,38676236.0,122052192.0
2009-04-07,3.11,3.15,3.17,3.11,22962801.0,72134872.0
2009-04-08,3.15,3.09,3.15,3.07,39868839.0,123635648.0
2009-04-09,3.08,3.1,3.11,3.07,28113127.0,86665168.0
2009-04-10,3.12,3.14,3.16,3.1,23253759.0,72771616.0
2009-04-13,3.15,3.16,3.19,3.1,52598029.0,164851696.0
2009-04-14,3.15,3.14,3.19,3.12,36888139.0,116227176.0
2009-04-15,3.15,3.26,3.26,3.1,71043549.0,226619520.0
2009-04-16,3.26,3.17,3.27,3.14,39556487.0,126182856.0
2009-04-17,3.18,3.18,3.22,3.15,31807891.0,101380176.0
2009-04-20,3.19,3.31,3.32,3.19,58311465.0,189541248.0
2009-04-21,3.27,3.2,3.3,3.15,56272402.0,180848192.0
2009-04-22,3.21,3.08,3.23,3.08,63989601.0,200895856.0
2009-04-23,3.08,3.11,3.13,3.07,33401501.0,103295048.0
2009-04-24,3.14,3.11,3.18,3.11,29790564.0,93545248.0
2009-04-27,3.13,3.09,3.15,3.08,29682324.0,92356744.0
2009-04-28,3.09,3.13,3.13,3.09,15301651.0,47670024.0
2009-04-29,3.13,3.13,3.15,3.09,33022818.0,102917624.0
2009-04-30,3.14,3.11,3.15,3.1,24319397.0,75733616.0
2009-05-04,3.12,3.21,3.23,3.11,52435064.0,166559312.0
2009-05-05,3.25,3.26,3.29,3.18,64100507.0,207364832.0
2009-05-06,3.25,3.42,3.42,3.23,94818913.0,318466880.0
2009-05-07,3.51,3.37,3.53,3.33,74571833.0,253990448.0
2009-05-08,3.35,3.31,3.4,3.29,55157910.0,183560896.0
2009-05-11,3.31,3.35,3.47,3.29,74826870.0,254988288.0
2009-05-12,3.31,3.38,3.4,3.29,39089650.0,130560712.0
2009-05-13,3.39,3.38,3.45,3.35,43481534.0,147715440.0
2009-05-14,3.38,3.32,3.38,3.27,31350791.0,104290000.0
2009-05-15,3.32,3.35,3.38,3.3,26530326.0,88651704.0
2009-05-18,3.35,3.4,3.46,3.34,44228997.0,150458112.0
2009-05-19,3.43,3.37,3.43,3.35,27535955.0,92818816.0
2009-05-20,3.38,3.28,3.38,3.27,34960903.0,115423952.0
2009-05-21,3.28,3.26,3.34,3.26,23637866.0,77660080.0
2009-05-22,3.27,3.28,3.32,3.26,14758373.0,48512576.0
2009-05-25,3.22,3.24,3.26,3.19,22950524.0,73903328.0
2009-05-26,3.24,3.26,3.32,3.19,24427832.0,79492800.0
2009-05-27,3.28,3.23,3.29,3.21,15895661.0,51457424.0
2009-06-01,3.25,3.29,3.31,3.21,50868261.0,165496208.0
2009-06-02,3.29,3.46,3.48,3.26,83796378.0,283252160.0
2009-06-03,3.44,3.4,3.54,3.39,52326593.0,180381648.0
2009-06-04,3.36,3.51,3.54,3.3,85832256.0,294813408.0
2009-06-05,3.53,3.48,3.56,3.45,64418496.0,225656960.0
2009-06-08,3.5,3.42,3.55,3.39,39040263.0,135331712.0
2009-06-09,3.45,3.32,3.46,3.26,67292626.0,224033184.0
2009-06-10,3.32,3.32,3.33,3.25,97205272.0,318318272.0
2009-06-11,3.31,3.26,3.32,3.25,48293842.0,158274048.0
2009-06-12,3.26,3.28,3.3,3.24,47976389.0,157090400.0
2009-06-15,3.28,3.28,3.28,3.25,25527931.0,83188240.0
2009-06-16,3.26,3.26,3.27,3.25,21622298.0,70375048.0
2009-06-17,3.26,3.3,3.32,3.25,34299965.0,112840880.0
2009-06-18,3.31,3.31,3.32,3.28,29835592.0,98439824.0
2009-06-19,3.31,3.35,3.36,3.29,48835239.0,162519968.0
2009-06-22,3.4,3.35,3.45,3.33,57432087.0,194979520.0
2009-06-23,3.3,3.3,3.33,3.27,33202191.0,109558232.0
2009-06-24,3.3,3.3,3.3,3.3,0.0,0.0
2009-06-25,3.4,3.41,3.6,3.39,128140745.0,444796672.0
2009-06-26,3.42,3.39,3.44,3.36,45432335.0,154067984.0
2009-06-29,3.39,3.39,3.42,3.34,51574429.0,173862960.0
2009-06-30,3.4,3.3,3.41,3.28,46570573.0,155446032.0
2009-07-01,3.3,3.32,3.35,3.29,34122161.0,113124384.0
2009-07-02,3.35,3.32,3.36,3.28,44869887.0,148396608.0
2009-07-03,3.3,3.32,3.34,3.29,37792876.0,125601312.0
2009-07-06,3.35,3.37,3.42,3.33,67004082.0,225562480.0
2009-07-07,3.37,3.44,3.48,3.37,98189445.0,337158848.0
2009-07-08,3.42,3.38,3.42,3.33,52784487.0,177716288.0
2009-07-09,3.38,3.42,3.42,3.35,47241816.0,160108784.0
2009-07-10,3.42,3.41,3.46,3.4,56955955.0,194998880.0
2009-07-13,3.42,3.41,3.45,3.4,53689949.0,183659504.0
2009-07-14,3.44,3.48,3.53,3.42,86584692.0,301498528.0
2009-07-15,3.49,3.54,3.57,3.46,91615122.0,322560256.0
2009-07-16,3.55,3.45,3.57,3.45,71452990.0,250120160.0
2009-07-17,3.44,3.43,3.47,3.39,51143674.0,175008544.0
2009-07-20,3.43,3.51,3.53,3.43,72690508.0,253948832.0
2009-07-21,3.52,3.42,3.56,3.41,63210292.0,220006256.0
2009-07-22,3.43,3.55,3.59,3.42,106156484.0,374355072.0
2009-07-23,3.56,3.85,3.89,3.54,198181957.0,744274048.0
2009-07-24,3.88,3.8,3.91,3.68,118327247.0,448429632.0
2009-07-27,3.81,3.85,3.95,3.76,94110944.0,362529664.0
2009-07-28,3.87,3.81,3.88,3.74,64354306.0,243949280.0
2009-07-29,3.81,3.59,3.92,3.48,106646790.0,400107606.0
2009-07-30,3.63,3.59,3.69,3.47,68003060.0,243115376.0
2009-07-31,3.6,3.8,3.84,3.56,95262594.0,357078400.0
2009-08-03,3.81,3.91,3.98,3.8,104558596.0,408489280.0
2009-08-04,3.94,3.87,3.94,3.8,66480163.0,256308000.0
2009-08-05,3.87,3.83,3.91,3.73,69872976.0,267917888.0
2009-08-06,3.78,3.78,3.86,3.67,60159317.0,226751136.0
2009-08-07,3.78,3.74,3.87,3.7,67971770.0,258037552.0
2009-08-10,3.82,3.72,3.83,3.66,40618079.0,151991264.0
2009-08-11,3.73,3.73,3.78,3.69,25893358.0,96693800.0
2009-08-12,3.73,3.46,3.73,3.45,54255675.0,193269296.0
2009-08-13,3.47,3.41,3.52,3.37,43841871.0,149691936.0
2009-08-14,3.41,3.26,3.44,3.25,37199511.0,123748552.0
2009-08-17,3.2,3.05,3.26,3.05,48171538.0,151773968.0
2009-08-18,3.01,3.15,3.18,3.01,32130727.0,99918864.0
2009-08-19,3.15,2.97,3.18,2.94,26004044.0,79081592.0
2009-08-20,2.97,3.05,3.07,2.97,24146274.0,73262848.0
2009-08-21,3.06,3.08,3.09,3.01,27187335.0,83056416.0
2009-08-24,3.07,3.07,3.09,3.01,32667184.0,99399744.0
2009-08-25,3.05,2.95,3.05,2.89,38021759.0,112301472.0
2009-08-26,2.94,3.01,3.04,2.91,26728989.0,80150984.0
2009-08-27,2.99,3.04,3.07,2.98,26444427.0,80201680.0
2009-08-28,3.04,2.96,3.05,2.94,21172324.0,62935408.0
2009-08-31,2.91,2.72,2.95,2.72,33571449.0,94289760.0
2009-09-01,2.73,2.73,2.78,2.69,22084990.0,60443120.0
2009-09-02,2.7,2.74,2.75,2.69,13925218.0,38012508.0
2009-09-03,2.74,2.85,2.86,2.72,29577511.0,82742208.0
2009-09-04,2.85,2.86,2.89,2.82,29043078.0,82959920.0
2009-09-07,2.86,2.89,2.94,2.85,34848748.0,100565592.0
2009-09-08,2.88,2.91,2.94,2.85,31860224.0,92183440.0
2009-09-09,2.92,2.89,2.93,2.85,30545764.0,87916264.0
2009-09-10,2.88,2.86,2.89,2.85,17805621.0,51139912.0
2009-09-11,2.86,2.93,2.94,2.86,39314536.0,114370328.0
2009-09-14,2.94,3.01,3.04,2.94,38751403.0,115630464.0
2009-09-15,3.02,3.04,3.06,2.98,35610709.0,107685656.0
2009-09-16,3.04,3.19,3.24,2.99,70461743.0,220580016.0
2009-09-17,3.19,3.19,3.19,3.19,0.0,0.0
2009-09-18,3.19,3.19,3.19,3.19,0.0,0.0
2009-09-21,3.19,3.19,3.19,3.19,0.0,0.0
2009-09-22,3.05,3.02,3.13,3.01,81618073.0,250357424.0
2009-09-23,3.0,3.01,3.1,2.94,33369008.0,100972624.0
2009-09-24,3.01,2.96,3.05,2.93,22928030.0,68298392.0
2009-09-25,2.94,2.97,3.0,2.93,16657002.0,49544256.0
2009-09-28,2.99,2.94,3.01,2.93,16658357.0,49469640.0
2009-09-29,2.95,2.89,2.97,2.85,17311333.0,50008568.0
2009-09-30,2.91,2.88,2.97,2.87,12997647.0,37756916.0
2009-10-09,2.88,2.98,2.99,2.88,14686654.0,43271832.0
2009-10-12,2.98,3.01,3.05,2.94,17109077.0,51051768.0
2009-10-13,3.01,3.07,3.09,2.95,23528668.0,71169784.0
2009-10-14,3.07,3.06,3.13,3.05,22985377.0,70875184.0
2009-10-15,3.08,3.02,3.11,3.01,18725427.0,57106088.0
2009-10-16,3.05,3.1,3.12,3.02,25439086.0,78162640.0
2009-10-19,3.14,3.13,3.18,3.06,29806071.0,93065416.0
2009-10-20,3.15,3.14,3.16,3.11,20994463.0,65743312.0
2009-10-21,3.15,3.13,3.18,3.11,22823397.0,71694992.0
2009-10-22,3.12,3.06,3.12,3.05,20781728.0,63973304.0
2009-10-23,3.07,3.11,3.15,3.06,26035195.0,81065552.0
2009-10-26,3.12,3.07,3.14,3.03,23969878.0,73852344.0
2009-10-27,3.07,3.02,3.1,3.01,19218789.0,58808816.0
2009-10-28,3.02,3.02,3.02,3.02,0.0,0.0
2009-10-29,3.02,3.02,3.02,3.02,0.0,0.0
2009-10-30,3.02,3.02,3.02,3.02,0.0,0.0
2009-11-02,3.07,3.15,3.23,3.04,55678286.0,174694992.0
2009-11-03,3.13,3.25,3.26,3.11,48030379.0,154015216.0
2009-11-04,3.25,3.25,3.25,3.25,0.0,0.0
2009-11-05,3.26,3.23,3.28,3.18,31281437.0,100835568.0
2009-11-06,3.25,3.26,3.29,3.23,32497524.0,106020008.0
2009-11-09,3.28,3.35,3.4,3.28,41249230.0,138182896.0
2009-11-10,3.34,3.32,3.37,3.3,26902066.0,89522640.0
2009-11-11,3.31,3.29,3.32,3.25,23311937.0,76362760.0
2009-11-12,3.3,3.3,3.36,3.27,18327488.0,60784400.0
2009-11-13,3.3,3.31,3.36,3.25,20352745.0,67219376.0
2009-11-16,3.33,3.39,3.39,3.33,35376079.0,118818208.0
2009-11-17,3.4,3.43,3.47,3.36,33136118.0,113247336.0
2009-11-18,3.43,3.42,3.5,3.39,28074114.0,96919008.0
2009-11-19,3.44,3.48,3.5,3.42,28014929.0,96754336.0
2009-11-20,3.54,3.43,3.58,3.42,66997412.0,233772640.0
2009-11-23,3.4,3.39,3.42,3.35,44666133.0,150447296.0
2009-11-24,3.39,3.22,3.41,3.21,52292167.0,173508352.0
2009-11-25,3.21,3.3,3.31,3.19,60213869.0,194955056.0
2009-11-26,3.3,3.31,3.36,3.23,57876310.0,191294352.0
2009-11-27,3.29,3.14,3.29,3.1,54937958.0,175162880.0
2009-11-30,3.16,3.22,3.23,3.14,37422179.0,118862264.0
2009-12-01,3.21,3.24,3.24,3.15,55446011.0,177192816.0
2009-12-02,3.22,3.24,3.27,3.22,39571361.0,128368784.0
2009-12-03,3.25,3.21,3.28,3.18,41326773.0,133147896.0
2009-12-04,3.21,3.19,3.23,3.09,59574277.0,188616032.0
2009-12-07,3.19,3.23,3.24,3.19,50049775.0,161006256.0
2009-12-08,3.24,3.19,3.24,3.15,37397960.0,118998392.0
2009-12-09,3.17,3.11,3.18,3.09,33683916.0,105508320.0
2009-12-10,3.13,3.14,3.15,3.1,21052776.0,65736716.0
2009-12-11,3.14,3.12,3.15,3.1,22511465.0,70363368.0
2009-12-14,3.12,3.19,3.2,3.11,36692304.0,115932712.0
2009-12-15,3.2,3.17,3.22,3.16,32729827.0,104225232.0
2009-12-16,3.16,3.14,3.19,3.13,18363496.0,57894772.0
2009-12-17,3.14,3.07,3.15,3.07,21160248.0,65521924.0
2009-12-18,3.07,3.11,3.12,3.0,32340478.0,98587872.0
2009-12-21,3.08,3.11,3.13,3.06,12983770.0,40196912.0
2009-12-22,3.12,3.01,3.13,3.01,16284407.0,49539296.0
2009-12-23,3.02,3.02,3.06,2.99,12718333.0,38342796.0
2009-12-24,3.04,3.06,3.06,3.0,18575265.0,56410436.0
2009-12-25,3.06,3.04,3.08,3.02,15250416.0,46399704.0
2009-12-28,3.04,3.04,3.04,3.04,0.0,0.0
2009-12-29,3.06,3.09,3.11,3.05,27100805.0,83578032.0
2009-12-30,3.09,3.12,3.13,3.07,26696944.0,83007320.0
2009-12-31,3.12,3.12,3.14,3.1,17745208.0,55369792.0
2010-01-04,3.13,3.09,3.13,3.09,17534825.0,54452172.0
2010-01-05,3.08,3.09,3.1,3.04,17661905.0,54175068.0
2010-01-06,3.08,3.06,3.1,3.05,19290335.0,59215782.0
2010-01-07,3.06,3.0,3.08,2.98,21535114.0,65195304.0
2010-01-08,2.99,3.0,3.01,2.94,23872443.0,71014424.0
2010-01-11,3.01,2.97,3.03,2.96,17805867.0,53136868.0
2010-01-12,2.98,3.02,3.03,2.97,17550773.0,52812142.0
2010-01-13,2.99,3.04,3.07,2.98,41499442.0,125697824.0
2010-01-14,3.04,3.09,3.09,3.02,24298340.0,74645544.0
2010-01-15,3.08,3.07,3.08,3.04,16561917.0,50743316.0
2010-01-18,3.06,3.07,3.08,3.04,18989357.0,58141564.0
2010-01-19,3.07,3.07,3.09,3.06,16225617.0,49816024.0
2010-01-20,3.07,2.95,3.07,2.94,27131090.0,81323040.0
2010-01-21,2.95,2.98,3.01,2.94,13031134.0,38782792.0
2010-01-22,2.94,2.92,2.97,2.87,21710164.0,63313080.0
2010-01-25,2.91,2.91,2.93,2.88,13247145.0,38485012.0
2010-01-26,2.91,2.85,2.94,2.81,15563327.0,44614016.0
2010-01-27,2.88,2.86,2.89,2.81,14442379.0,41074708.0
2010-01-28,2.88,2.85,2.88,2.83,12234016.0,34853496.0
2010-01-29,2.84,2.86,2.91,2.82,11552955.0,33170228.0
2010-02-01,2.85,2.8,2.86,2.79,10776480.0,30242604.0
2010-02-02,2.8,2.79,2.83,2.79,6799655.0,19090552.0
2010-02-03,2.79,2.8,2.82,2.71,19724759.0,54643324.0
2010-02-04,2.79,2.8,2.83,2.76,10495815.0,29474234.0
2010-02-05,2.76,2.75,2.78,2.72,10566577.0,29035736.0
2010-02-08,2.75,2.76,2.78,2.71,8797981.0,24060554.0
2010-02-09,2.74,2.76,2.8,2.69,19387479.0,53080756.0
2010-02-10,2.75,2.77,2.77,2.74,11624889.0,32033288.0
2010-02-11,2.78,2.76,2.79,2.76,7710360.0,21412444.0
2010-02-12,2.76,2.8,2.81,2.76,8109293.0,22639236.0
2010-02-22,2.8,2.81,2.84,2.79,7747988.0,21839512.0
2010-02-23,2.81,2.79,2.82,2.76,9405232.0,26160856.0
2010-02-24,2.79,2.85,2.85,2.77,13211689.0,37307512.0
2010-02-25,2.85,2.87,2.88,2.84,14492592.0,41561312.0
2010-02-26,2.87,2.87,2.87,2.87,0.0,0.0
2010-03-01,2.88,2.86,2.9,2.86,16272675.0,46721948.0
2010-03-02,2.87,2.86,2.88,2.83,14529418.0,41475096.0
2010-03-03,2.87,2.89,2.91,2.85,17480879.0,50476936.0
2010-03-04,2.89,2.82,2.92,2.81,15730625.0,45089112.0
2010-03-05,2.85,2.83,2.85,2.79,11924047.0,33618844.0
2010-03-08,2.83,2.82,2.83,2.79,8829479.0,24880752.0
2010-03-09,2.82,2.82,2.84,2.79,9907541.0,27833680.0
2010-03-10,2.81,2.81,2.84,2.79,8334519.0,23458978.0
2010-03-11,2.81,2.8,2.83,2.78,8050573.0,22534650.0
2010-03-12,2.8,2.76,2.81,2.75,7324564.0,20376426.0
2010-03-15,2.77,2.72,2.79,2.71,14731644.0,40344436.0
2010-03-16,2.72,2.73,2.74,2.69,8954254.0,24350812.0
2010-03-17,2.73,2.77,2.77,2.72,9158478.0,25203440.0
2010-03-18,2.78,2.77,2.79,2.75,9310241.0,25803668.0
2010-03-19,2.77,2.77,2.77,2.73,12992088.0,35752440.0
2010-03-22,2.77,2.79,2.79,2.75,11983115.0,33248590.0
2010-03-23,2.78,2.75,2.78,2.75,9596189.0,26491716.0
2010-03-24,2.79,2.77,2.8,2.76,10192794.0,28338468.0
2010-03-25,2.78,2.75,2.78,2.74,11999076.0,33097776.0
2010-03-26,2.75,2.76,2.77,2.72,9435416.0,25975032.0
2010-03-29,2.74,2.8,2.82,2.74,19212732.0,53637272.0
2010-03-30,2.8,2.8,2.81,2.77,12774379.0,35640984.0
2010-03-31,2.8,2.84,2.88,2.77,41960974.0,118530200.0
2010-04-01,2.82,2.85,2.87,2.81,29480344.0,83690064.0
2010-04-02,2.85,2.83,2.85,2.79,38558904.0,108538112.0
2010-04-06,2.83,2.82,2.84,2.8,19921277.0,56071536.0
2010-04-07,2.82,2.8,2.82,2.79,16732420.0,46821248.0
2010-04-08,2.8,2.77,2.8,2.76,15016534.0,41730376.0
2010-04-09,2.77,2.79,2.8,2.76,13088080.0,36428056.0
2010-04-12,2.8,2.83,2.83,2.77,25976316.0,72630768.0
2010-04-13,2.83,2.81,2.84,2.77,23033303.0,64800088.0
2010-04-14,2.83,2.86,2.86,2.82,26553136.0,75365232.0
2010-04-15,2.87,2.82,2.87,2.8,18026482.0,51133584.0
2010-04-16,2.81,2.84,2.86,2.81,20441824.0,58114096.0
2010-04-19,2.82,2.76,2.87,2.74,30143622.0,85160368.0
2010-04-20,2.76,2.8,2.8,2.71,16137858.0,44526768.0
2010-04-21,2.8,2.85,2.86,2.8,30792132.0,87587864.0
2010-04-22,2.85,2.86,2.89,2.82,40776938.0,117152208.0
2010-04-23,2.87,2.82,2.88,2.82,22313364.0,63444848.0
2010-04-26,2.82,2.82,2.87,2.81,18355051.0,52055648.0
2010-04-27,2.83,2.72,2.84,2.69,26580798.0,72859064.0
2010-04-28,2.71,2.62,2.71,2.6,24733241.0,65576060.0
2010-04-29,2.63,2.55,2.66,2.54,18413169.0,47886072.0
2010-04-30,2.56,2.56,2.57,2.51,12844608.0,32594952.0
2010-05-04,2.53,2.55,2.57,2.52,10060779.0,25642226.0
2010-05-05,2.48,2.56,2.56,2.47,10111440.0,25350176.0
2010-05-06,2.53,2.49,2.56,2.47,11394917.0,28665748.0
2010-05-07,2.48,2.41,2.49,2.41,12592113.0,30822628.0
2010-05-10,2.41,2.42,2.5,2.39,16412557.0,39923892.0
2010-05-11,2.42,2.42,2.42,2.42,0.0,0.0
2010-05-12,2.34,2.42,2.44,2.33,15010474.0,35781648.0
2010-05-13,2.42,2.44,2.44,2.38,14603351.0,35269224.0
2010-05-14,2.42,2.46,2.48,2.41,14622113.0,35847228.0
2010-05-17,2.44,2.38,2.48,2.37,14222782.0,34577976.0
2010-05-18,2.37,2.42,2.43,2.36,8069382.0,19360012.0
2010-05-19,2.41,2.43,2.44,2.39,8050570.0,19513380.0
2010-05-20,2.41,2.38,2.44,2.38,8636295.0,20818540.0
2010-05-21,2.36,2.39,2.4,2.34,10134892.0,23969006.0
2010-05-24,2.4,2.47,2.47,2.4,17768887.0,43551444.0
2010-05-25,2.46,2.42,2.46,2.4,11100985.0,26951368.0
2010-05-26,2.4,2.42,2.45,2.4,8398425.0,20391148.0
2010-05-27,2.42,2.5,2.5,2.41,21701897.0,53676288.0
2010-05-28,2.51,2.49,2.52,2.46,10919865.0,27155838.0
2010-05-31,2.47,2.43,2.5,2.43,10656819.0,26329040.0
2010-06-01,2.43,2.37,2.44,2.35,11198837.0,26667496.0
2010-06-02,2.37,2.39,2.39,2.34,8751403.0,20690428.0
2010-06-03,2.39,2.4,2.48,2.37,15649905.0,38057136.0
2010-06-04,2.39,2.42,2.43,2.39,6400119.0,15450074.0
2010-06-07,2.39,2.36,2.39,2.34,8202791.0,19372364.0
2010-06-08,2.36,2.36,2.36,2.36,0.0,0.0
2010-06-09,2.38,2.39,2.42,2.34,11170996.0,26522826.0
2010-06-10,2.38,2.39,2.41,2.37,6573119.0,15705480.0
2010-06-11,2.39,2.38,2.41,2.37,6579893.0,15662578.0
2010-06-17,2.39,2.38,2.41,2.38,5995361.0,14356230.0
2010-06-18,2.4,2.35,2.4,2.34,8354427.0,19742976.0
2010-06-21,2.35,2.39,2.39,2.32,9329890.0,22035304.0
2010-06-22,2.38,2.38,2.39,2.37,9404174.0,22388368.0
2010-06-23,2.38,2.36,2.38,2.35,7716970.0,18248862.0
2010-06-24,2.36,2.35,2.37,2.34,7967677.0,18728368.0
2010-06-25,2.34,2.31,2.35,2.28,9831325.0,22744312.0
2010-06-28,2.31,2.28,2.32,2.27,8434926.0,19339220.0
2010-06-29,2.29,2.2,2.31,2.2,19017154.0,42829400.0
2010-06-30,2.19,2.24,2.26,2.14,23019319.0,50845740.0
2010-07-01,2.22,2.21,2.23,2.17,12127529.0,26673916.0
2010-07-02,2.21,2.22,2.23,2.16,8870073.0,19627578.0
2010-07-05,2.23,2.24,2.28,2.2,11298291.0,25385512.0
2010-07-06,2.24,2.25,2.25,2.22,7498360.0,16820680.0
2010-07-07,2.25,2.25,2.26,2.23,6247489.0,14003781.0
2010-07-08,2.25,2.24,2.26,2.22,5804468.0,13001975.0
2010-07-09,2.25,2.29,2.29,2.24,12150908.0,27598860.0
2010-07-12,2.29,2.29,2.31,2.27,8633689.0,19800642.0
2010-07-13,2.29,2.32,2.34,2.27,19473337.0,45002304.0
2010-07-14,2.3,2.31,2.33,2.3,8012169.0,18539116.0
2010-07-15,2.3,2.26,2.31,2.25,6546071.0,14937979.0
2010-07-16,2.25,2.25,2.27,2.22,4191616.0,9392620.0
2010-07-19,2.24,2.28,2.29,2.23,7321239.0,16565348.0
2010-07-20,2.29,2.33,2.33,2.28,13195003.0,30519832.0
2010-07-21,2.33,2.38,2.42,2.31,28024241.0,66528296.0
2010-07-22,2.35,2.38,2.39,2.34,14730290.0,34803240.0
2010-07-23,2.38,2.38,2.39,2.36,9430451.0,22398818.0
2010-07-26,2.38,2.38,2.39,2.36,8230040.0,19562848.0
2010-07-27,2.37,2.36,2.39,2.35,8563795.0,20220148.0
2010-07-28,2.37,2.41,2.42,2.34,17369575.0,41527484.0
2010-07-29,2.42,2.42,2.42,2.39,16943306.0,40782640.0
2010-07-30,2.41,2.4,2.43,2.39,11156920.0,26833672.0
2010-08-02,2.4,2.44,2.45,2.4,15901922.0,38623040.0
2010-08-03,2.44,2.39,2.45,2.39,17165149.0,41504184.0
2010-08-04,2.39,2.42,2.42,2.38,16551711.0,39849252.0
2010-08-05,2.42,2.47,2.53,2.41,39596383.0,98128064.0
2010-08-06,2.46,2.48,2.48,2.42,19424093.0,47715264.0
2010-08-09,2.48,2.48,2.49,2.46,14826062.0,36667352.0
2010-08-10,2.48,2.4,2.51,2.4,17303540.0,42451112.0
2010-08-11,2.41,2.43,2.44,2.4,11336003.0,27447172.0
2010-08-12,2.42,2.39,2.43,2.38,12304124.0,29537464.0
2010-08-13,2.38,2.41,2.41,2.38,9364221.0,22392864.0
2010-08-16,2.42,2.47,2.47,2.4,16472962.0,40325456.0
2010-08-17,2.47,2.47,2.49,2.45,11129683.0,27451100.0
2010-08-18,2.48,2.45,2.48,2.43,12838618.0,31471656.0
2010-08-19,2.45,2.46,2.47,2.43,12305602.0,30127658.0
2010-08-20,2.46,2.46,2.46,2.46,0.0,0.0
2010-08-23,2.43,2.41,2.43,2.4,12949500.0,31253426.0
2010-08-24,2.41,2.44,2.45,2.4,14486513.0,35167792.0
2010-08-25,2.42,2.36,2.43,2.35,12917823.0,30880096.0
2010-08-26,2.37,2.39,2.39,2.35,16927710.0,40167368.0
2010-08-27,2.38,2.39,2.4,2.37,9191546.0,21905604.0
2010-08-30,2.4,2.42,2.42,2.38,9668123.0,23178524.0
2010-08-31,2.48,2.5,2.57,2.48,93408987.0,235305408.0
2010-09-01,2.47,2.44,2.49,2.42,34924135.0,85741160.0
2010-09-02,2.47,2.45,2.47,2.43,20137887.0,49291512.0
2010-09-03,2.46,2.45,2.46,2.42,18641201.0,45456648.0
2010-09-06,2.45,2.47,2.47,2.44,20907051.0,51336560.0
2010-09-07,2.48,2.45,2.48,2.44,13283075.0,32607932.0
2010-09-08,2.45,2.47,2.49,2.44,19060441.0,47067760.0
2010-09-09,2.48,2.46,2.51,2.45,20104967.0,49807400.0
2010-09-10,2.47,2.47,2.5,2.44,14034838.0,34720496.0
2010-09-13,2.47,2.48,2.49,2.45,20274432.0,50090032.0
2010-09-14,2.48,2.53,2.57,2.47,50281578.0,126333160.0
2010-09-15,2.51,2.48,2.56,2.48,35248854.0,88998976.0
2010-09-16,2.48,2.43,2.51,2.42,21804325.0,53687416.0
2010-09-17,2.44,2.45,2.48,2.44,13579968.0,33436660.0
2010-09-20,2.45,2.43,2.47,2.42,9572997.0,23441768.0
2010-09-21,2.43,2.41,2.45,2.39,8660953.0,20954994.0
2010-09-27,2.42,2.42,2.43,2.4,10017237.0,24186764.0
2010-09-28,2.42,2.4,2.44,2.4,9488172.0,22954576.0
2010-09-29,2.4,2.39,2.42,2.38,8661247.0,20793392.0
2010-09-30,2.38,2.41,2.43,2.38,7752718.0,18639928.0
2010-10-08,2.41,2.45,2.46,2.41,17684129.0,43241176.0
2010-10-11,2.5,2.53,2.56,2.48,40174769.0,101281072.0
2010-10-12,2.54,2.63,2.67,2.5,46628679.0,120573392.0
2010-10-13,2.62,2.58,2.62,2.55,30565174.0,78825456.0
2010-10-14,2.58,2.57,2.62,2.55,29027724.0,74866160.0
2010-10-15,2.55,2.61,2.64,2.55,38144673.0,98674208.0
2010-10-18,2.61,2.63,2.69,2.58,49227551.0,129887976.0
2010-10-19,2.61,2.62,2.65,2.58,31646727.0,82605200.0
2010-10-20,2.58,2.54,2.58,2.5,49310342.0,125461184.0
2010-10-21,2.54,2.53,2.55,2.52,17557042.0,44444072.0
2010-10-22,2.55,2.54,2.57,2.53,18206368.0,46221232.0
2010-10-25,2.53,2.63,2.64,2.53,35619893.0,91731888.0
2010-10-26,2.68,2.62,2.68,2.61,42440839.0,111657312.0
2010-10-27,2.62,2.56,2.63,2.56,25378426.0,65865880.0
2010-10-28,2.56,2.56,2.58,2.54,15560474.0,39789836.0
2010-10-29,2.57,2.6,2.62,2.57,21812379.0,56645556.0
2010-11-01,2.61,2.63,2.64,2.6,32119287.0,84258848.0
2010-11-02,2.65,2.61,2.65,2.6,25436545.0,66626056.0
2010-11-03,2.61,2.6,2.66,2.6,19649794.0,51692732.0
2010-11-04,2.61,2.64,2.65,2.59,29208055.0,76734696.0
2010-11-05,2.65,2.64,2.65,2.61,29247238.0,76997488.0
2010-11-08,2.64,2.7,2.7,2.62,48940998.0,130780784.0
2010-11-09,2.7,2.66,2.7,2.64,29329292.0,78027488.0
2010-11-10,2.65,2.62,2.65,2.6,31576509.0,82784704.0
2010-11-11,2.6,2.66,2.71,2.6,52962705.0,141713648.0
2010-11-12,2.66,2.53,2.69,2.51,48178501.0,125127408.0
2010-11-15,2.59,2.56,2.59,2.52,21890491.0,55727952.0
2010-11-16,2.55,2.48,2.56,2.46,19610654.0,49204232.0
2010-11-17,2.45,2.41,2.47,2.4,19350007.0,47151528.0
2010-11-18,2.43,2.43,2.46,2.42,9947782.0,24175332.0
2010-11-19,2.43,2.42,2.44,2.36,16627647.0,39894688.0
2010-11-22,2.41,2.41,2.42,2.39,13513346.0,32492256.0
2010-11-23,2.4,2.32,2.4,2.31,16582772.0,38885688.0
2010-11-24,2.33,2.37,2.38,2.33,13965667.0,32845108.0
2010-11-25,2.37,2.58,2.61,2.37,46569294.0,115008240.0
2010-11-26,2.55,2.6,2.61,2.49,57585238.0,146596784.0
2010-11-29,2.58,2.58,2.75,2.56,61149498.0,159183088.0
2010-11-30,2.58,2.45,2.61,2.41,33160937.0,82427952.0
2010-12-01,2.44,2.48,2.52,2.44,16906207.0,41983524.0
2010-12-02,2.53,2.47,2.53,2.45,13746195.0,34208896.0
2010-12-03,2.47,2.44,2.5,2.42,14581048.0,35831992.0
2010-12-06,2.45,2.43,2.46,2.42,7686568.0,18766064.0
2010-12-07,2.42,2.43,2.44,2.38,8477562.0,20437564.0
2010-12-08,2.43,2.44,2.46,2.42,7563247.0,18452096.0
2010-12-09,2.43,2.41,2.48,2.41,10938422.0,26784384.0
2010-12-10,2.41,2.43,2.45,2.41,7225369.0,17555736.0
2010-12-13,2.44,2.5,2.51,2.44,17171245.0,42733392.0
2010-12-14,2.51,2.51,2.53,2.49,14122751.0,35394424.0
2010-12-15,2.49,2.48,2.51,2.47,10518839.0,26087784.0
2010-12-16,2.48,2.47,2.49,2.46,9888898.0,24428854.0
2010-12-17,2.47,2.49,2.5,2.45,13817224.0,34135380.0
2010-12-20,2.5,2.47,2.5,2.44,23065085.0,56963472.0
2010-12-21,2.47,2.49,2.5,2.47,11826133.0,29381116.0
2010-12-22,2.51,2.5,2.53,2.49,14351504.0,36018136.0
2010-12-23,2.5,2.46,2.5,2.44,9455730.0,23370936.0
2010-12-24,2.45,2.43,2.46,2.42,10770202.0,26231582.0
2010-12-27,2.43,2.43,2.45,2.42,20772387.0,50609192.0
2010-12-28,2.42,2.32,2.42,2.32,18126680.0,42860308.0
2010-12-29,2.33,2.35,2.37,2.32,10471003.0,24534504.0
2010-12-30,2.36,2.32,2.36,2.3,10639525.0,24750204.0
2010-12-31,2.31,2.34,2.37,2.3,22187242.0,51798684.0
2011-01-04,2.33,2.36,2.38,2.32,20414369.0,47934980.0
2011-01-05,2.35,2.37,2.38,2.33,19577422.0,46157140.0
2011-01-06,2.38,2.4,2.41,2.37,20577760.0,49253972.0
2011-01-07,2.41,2.4,2.41,2.38,20128049.0,48237688.0
2011-01-10,2.41,2.36,2.41,2.35,15653262.0,37227252.0
2011-01-11,2.35,2.37,2.38,2.33,9882925.0,23330968.0
2011-01-12,2.37,2.41,2.42,2.36,11506505.0,27396390.0
2011-01-13,2.4,2.4,2.42,2.39,7035485.0,16872292.0
2011-01-14,2.39,2.4,2.41,2.38,17860241.0,42880480.0
2011-01-17,2.4,2.35,2.4,2.33,15104664.0,35895052.0
2011-01-18,2.34,2.35,2.37,2.33,6488185.0,15217727.0
2011-01-19,2.38,2.4,2.4,2.35,7190718.0,17119880.0
2011-01-20,2.4,2.34,2.4,2.33,10358025.0,24535072.0
2011-01-21,2.4,2.42,2.45,2.37,26544856.0,63914316.0
2011-01-24,2.42,2.42,2.43,2.39,27731002.0,66856836.0
2011-01-25,2.3,2.27,2.33,2.26,42242990.0,97235440.0
2011-01-26,2.28,2.3,2.3,2.27,9140600.0,20942676.0
2011-01-27,2.28,2.3,2.3,2.23,16171749.0,36727204.0
2011-01-28,2.29,2.3,2.31,2.28,7067101.0,16224810.0
2011-01-31,2.29,2.32,2.33,2.29,12645050.0,29330652.0
2011-02-01,2.32,2.31,2.33,2.29,10749171.0,24764672.0
2011-02-09,2.3,2.28,2.31,2.28,9097145.0,20878776.0
2011-02-10,2.29,2.31,2.31,2.26,10382964.0,23761192.0
2011-02-11,2.31,2.35,2.36,2.28,19745930.0,46054264.0
2011-02-14,2.35,2.35,2.35,2.35,0.0,0.0
2011-02-15,2.38,2.37,2.41,2.36,28402128.0,67866632.0
2011-02-16,2.37,2.38,2.39,2.36,12463155.0,29562360.0
2011-02-17,2.38,2.38,2.4,2.36,11399039.0,27083600.0
2011-02-18,2.38,2.4,2.41,2.37,15363362.0,36697192.0
2011-02-21,2.36,2.45,2.45,2.36,27110324.0,65511236.0
2011-02-22,2.45,2.37,2.45,2.37,15441459.0,37110000.0
2011-02-23,2.38,2.39,2.4,2.37,6722595.0,16002128.0
2011-02-24,2.37,2.38,2.39,2.37,8367148.0,19882494.0
2011-02-25,2.38,2.38,2.39,2.36,8577030.0,20368164.0
2011-02-28,2.37,2.39,2.39,2.36,9289652.0,22110904.0
2011-03-01,2.39,2.42,2.43,2.38,13364027.0,32129836.0
2011-03-02,2.4,2.39,2.41,2.37,13157359.0,31353536.0
2011-03-03,2.39,2.4,2.43,2.38,14024296.0,33698172.0
2011-03-04,2.4,2.42,2.42,2.39,18358767.0,44207992.0
2011-03-07,2.42,2.46,2.47,2.42,31227661.0,76547360.0
2011-03-08,2.47,2.44,2.47,2.43,13151141.0,32170380.0
2011-03-09,2.45,2.46,2.47,2.44,13190483.0,32402536.0
2011-03-10,2.46,2.42,2.46,2.41,13690317.0,33176014.0
2011-03-11,2.4,2.39,2.42,2.39,10630605.0,25519170.0
2011-03-14,2.38,2.38,2.4,2.35,16182860.0,38362420.0
2011-03-15,2.37,2.36,2.37,2.32,20471572.0,47863572.0
2011-03-16,2.35,2.37,2.38,2.34,10818715.0,25543160.0
2011-03-17,2.36,2.4,2.45,2.36,35443668.0,85811752.0
2011-03-18,2.4,2.41,2.42,2.39,13506638.0,32467582.0
2011-03-21,2.41,2.4,2.42,2.38,10676086.0,25588204.0
2011-03-22,2.4,2.4,2.41,2.38,7578761.0,18137232.0
2011-03-23,2.4,2.43,2.43,2.39,16833171.0,40721868.0
2011-03-24,2.42,2.44,2.49,2.42,24774780.0,61069368.0
2011-03-25,2.44,2.45,2.47,2.44,16607277.0,40806476.0
2011-03-28,2.47,2.45,2.47,2.44,13598297.0,33369316.0
2011-03-29,2.45,2.46,2.5,2.42,24439864.0,60151524.0
2011-03-30,2.46,2.48,2.52,2.44,31888992.0,79226960.0
2011-03-31,2.49,2.43,2.5,2.42,17967716.0,44119808.0
2011-04-01,2.42,2.48,2.5,2.42,19062381.0,47081644.0
2011-04-06,2.48,2.53,2.54,2.47,32514863.0,81897392.0
2011-04-07,2.53,2.54,2.54,2.5,20609122.0,51974064.0
2011-04-08,2.53,2.54,2.55,2.51,20071806.0,50705776.0
2011-04-11,2.54,2.53,2.55,2.51,21286284.0,53818804.0
2011-04-12,2.53,2.63,2.66,2.51,92753862.0,242539712.0
2011-04-13,2.61,2.62,2.63,2.58,25534899.0,66395144.0
2011-04-14,2.62,2.61,2.65,2.6,17250278.0,45274864.0
2011-04-15,2.6,2.57,2.62,2.56,19546315.0,50333704.0
2011-04-18,2.57,2.6,2.64,2.56,25926981.0,67646976.0
2011-04-19,2.58,2.55,2.59,2.53,17532666.0,44772296.0
2011-04-20,2.55,2.54,2.57,2.51,14037849.0,35538968.0
2011-04-21,2.54,2.55,2.55,2.53,9494686.0,24137768.0
2011-04-22,2.55,2.58,2.62,2.54,23153779.0,59682480.0
2011-04-25,2.58,2.57,2.62,2.56,25505954.0,66272228.0
2011-04-26,2.55,2.6,2.62,2.54,20722907.0,53595624.0
2011-04-27,2.61,2.57,2.65,2.54,24850805.0,64324140.0
2011-04-28,2.57,2.53,2.58,2.49,22739613.0,57588952.0
2011-04-29,2.52,2.64,2.67,2.5,45434018.0,118993144.0
2011-05-03,2.65,2.74,2.76,2.63,68558497.0,186284992.0
2011-05-04,2.74,2.71,2.76,2.66,36370554.0,98636640.0
2011-05-05,2.71,2.7,2.71,2.65,20232890.0,54190460.0
2011-05-06,2.65,2.71,2.76,2.63,34163235.0,93078864.0
2011-05-09,2.71,2.77,2.79,2.7,35084616.0,96998696.0
2011-05-10,2.78,2.77,2.79,2.74,20557698.0,56728676.0
2011-05-11,2.77,2.71,2.79,2.7,27391573.0,75485152.0
2011-05-12,2.7,2.71,2.76,2.64,27478856.0,74026192.0
2011-05-13,2.71,2.71,2.71,2.71,0.0,0.0
2011-05-16,2.69,2.67,2.72,2.66,14381262.0,38623232.0
2011-05-17,2.67,2.63,2.69,2.62,18187249.0,48080380.0
2011-05-18,2.63,2.65,2.66,2.62,9350041.0,24705148.0
2011-05-19,2.65,2.55,2.67,2.55,20871093.0,54287564.0
2011-05-20,2.57,2.66,2.74,2.56,30108933.0,78178496.0
2011-05-23,2.64,2.58,2.69,2.52,43366115.0,111947224.0
2011-05-24,2.56,2.53,2.57,2.48,18974449.0,47632416.0
2011-05-25,2.52,2.43,2.52,2.42,20102859.0,49309504.0
2011-05-26,2.44,2.41,2.47,2.41,9400384.0,22949792.0
2011-05-27,2.41,2.41,2.43,2.37,9425200.0,22665834.0
2011-05-30,2.41,2.4,2.45,2.38,11050677.0,26733532.0
2011-05-31,2.43,2.42,2.47,2.41,20840013.0,50777072.0
2011-06-01,2.42,2.42,2.46,2.4,12650292.0,30587534.0
2011-06-02,2.42,2.4,2.42,2.37,11279880.0,27045528.0
2011-06-03,2.4,2.45,2.45,2.4,9708619.0,23643350.0
2011-06-07,2.46,2.43,2.47,2.42,9330839.0,22728938.0
2011-06-08,2.43,2.42,2.44,2.36,8288495.0,19973096.0
2011-06-09,2.42,2.33,2.42,2.33,13281769.0,31477304.0
2011-06-10,2.34,2.35,2.37,2.32,5195836.0,12152831.0
2011-06-13,2.33,2.32,2.36,2.3,8024197.0,18594044.0
2011-06-14,2.31,2.37,2.37,2.31,8187748.0,19164020.0
2011-06-15,2.36,2.34,2.36,2.34,5524433.0,12979783.0
2011-06-16,2.33,2.29,2.34,2.28,5688791.0,13103227.0
2011-06-17,2.29,2.28,2.31,2.27,6873477.0,15722594.0
2011-06-20,2.27,2.26,2.3,2.24,7409654.0,16774494.0
2011-06-21,2.26,2.28,2.29,2.26,3030752.0,6885736.0
2011-06-22,2.29,2.29,2.3,2.26,3641819.0,8292776.0
2011-06-23,2.29,2.31,2.32,2.27,5119269.0,11772814.0
2011-06-24,2.32,2.35,2.36,2.3,9105297.0,21288648.0
2011-06-27,2.37,2.34,2.37,2.33,4278501.0,10034235.0
2011-06-28,2.34,2.37,2.4,2.34,12767872.0,30333296.0
2011-06-29,2.37,2.37,2.37,2.37,0.0,0.0
2011-06-30,2.36,2.37,2.39,2.34,7936186.0,18785262.0
2011-07-01,2.37,2.34,2.37,2.34,9967063.0,23516656.0
2011-07-04,2.37,2.39,2.4,2.34,15600977.0,37042512.0
2011-07-05,2.39,2.38,2.39,2.36,10991851.0,26028336.0
2011-07-06,2.38,2.39,2.41,2.35,11396378.0,27159948.0
2011-07-07,2.39,2.35,2.39,2.34,12304076.0,29109232.0
2011-07-08,2.35,2.31,2.36,2.31,17270232.0,40110632.0
2011-07-11,2.31,2.34,2.35,2.31,10215290.0,23815144.0
2011-07-12,2.33,2.37,2.37,2.33,17876446.0,42005332.0
2011-07-13,2.36,2.37,2.38,2.34,19055743.0,44809136.0
2011-07-14,2.37,2.37,2.38,2.35,9985219.0,23605216.0
2011-07-15,2.37,2.37,2.37,2.34,8599992.0,20302398.0
2011-07-18,2.36,2.39,2.4,2.35,11619033.0,27611298.0
2011-07-19,2.38,2.36,2.4,2.35,10266372.0,24337448.0
2011-07-20,2.37,2.35,2.37,2.34,6781214.0,15954981.0
2011-07-21,2.35,2.33,2.35,2.31,8663336.0,20163260.0
2011-07-22,2.33,2.35,2.36,2.32,7973176.0,18729274.0
2011-07-25,2.35,2.25,2.35,2.21,19488700.0,44257568.0
2011-07-26,2.25,2.17,2.3,2.16,38216822.0,83845520.0
2011-07-27,2.17,2.18,2.19,2.12,10259556.0,22207016.0
2011-07-28,2.17,2.17,2.18,2.15,5204745.0,11249437.0
2011-07-29,2.17,2.17,2.18,2.16,5638882.0,12239106.0
2011-08-01,2.17,2.2,2.21,2.16,5513616.0,12079998.0
2011-08-02,2.19,2.17,2.19,2.15,5192203.0,11254843.0
2011-08-03,2.15,2.17,2.18,2.15,5466641.0,11850457.0
2011-08-04,2.16,2.17,2.19,2.16,7742263.0,16821288.0
2011-08-05,2.12,2.11,2.14,2.07,16764463.0,35378008.0
2011-08-08,2.08,1.98,2.08,1.93,12276310.0,24593974.0
2011-08-09,1.95,2.02,2.04,1.89,19272660.0,37958264.0
2011-08-10,2.03,2.03,2.05,2.03,9678977.0,19747014.0
2011-08-11,1.96,2.05,2.05,1.96,5853024.0,11832883.0
2011-08-12,2.05,2.1,2.11,2.05,10009288.0,20901444.0
2011-08-15,2.11,2.14,2.15,2.08,9159390.0,19410488.0
2011-08-16,2.16,2.16,2.17,2.13,10068851.0,21714756.0
2011-08-17,2.15,2.15,2.15,2.12,5128539.0,10983887.0
2011-08-18,2.14,2.14,2.15,2.09,4821114.0,10198338.0
2011-08-19,2.09,2.11,2.12,2.08,4298063.0,9000559.0
2011-08-22,2.12,2.1,2.12,2.09,3231804.0,6792579.0
2011-08-23,2.1,2.12,2.12,2.1,2437918.0,5154612.0
2011-08-24,2.12,2.13,2.15,2.11,5385687.0,11512097.0
2011-08-25,2.13,2.16,2.17,2.12,7898750.0,17006116.0
2011-08-26,2.16,2.16,2.17,2.15,3974982.0,8589259.0
2011-08-29,2.16,2.16,2.16,2.16,0.0,0.0
2011-08-30,2.14,2.12,2.17,2.11,4795291.0,10305989.0
2011-08-31,2.12,2.12,2.13,2.11,2886034.0,6128744.0
2011-09-01,2.12,2.1,2.15,2.09,2417222.0,5110197.0
2011-09-02,2.11,2.06,2.12,2.05,2246844.0,4655105.0
2011-09-05,2.05,2.02,2.05,2.01,3125142.0,6344823.0
2011-09-06,2.0,2.01,2.02,1.99,1794245.0,3592148.0
2011-09-07,2.02,2.05,2.05,2.01,1723326.0,3497841.0
2011-09-08,2.05,2.04,2.07,2.03,2085276.0,4266899.0
2011-09-09,2.04,2.04,2.07,2.04,1679706.0,3441714.0
2011-09-13,2.02,2.05,2.07,2.0,4117463.0,8428358.0
2011-09-14,2.05,2.06,2.07,2.02,2225973.0,4550394.0
2011-09-15,2.06,2.05,2.07,2.05,2316412.0,4769473.0
2011-09-16,2.06,2.04,2.06,2.04,1324648.0,2713009.0
2011-09-19,2.05,2.01,2.05,2.0,1534532.0,3098222.0
2011-09-20,2.0,2.01,2.03,2.0,814216.0,1637627.0
2011-09-21,2.01,2.07,2.08,2.01,5198454.0,10682443.0
2011-09-22,2.05,2.03,2.06,2.02,2368475.0,4833362.0
2011-09-23,2.0,2.02,2.03,1.99,2167237.0,4354945.0
2011-09-26,2.02,2.0,2.03,1.99,1478538.0,2972780.0
2011-09-27,2.0,2.02,2.05,1.99,1729611.0,3478709.0
2011-09-28,2.03,2.0,2.03,1.99,1559983.0,3130607.0
2011-09-29,1.99,1.97,2.0,1.96,3659305.0,7222191.0
2011-09-30,1.97,1.97,2.0,1.96,3829851.0,7581151.0
2011-10-10,1.97,1.97,1.99,1.97,1181371.0,2335453.0
2011-10-11,2.0,1.98,2.02,1.97,1812697.0,3613596.0
2011-10-12,1.98,2.03,2.04,1.97,3526826.0,7109037.0
2011-10-13,2.04,2.05,2.07,2.02,3251317.0,6640647.0
2011-10-14,2.05,2.04,2.05,2.03,1667307.0,3396958.0
2011-10-17,2.06,2.04,2.06,2.03,1977013.0,4036424.0
2011-10-18,2.03,2.0,2.04,1.99,2662632.0,5359769.0
2011-10-19,2.0,1.99,2.01,1.98,1697244.0,3384230.0
2011-10-20,1.98,1.97,2.0,1.94,2490641.0,4901918.0
2011-10-21,1.97,1.96,1.99,1.95,1778095.0,3497374.0
2011-10-24,1.96,1.99,1.99,1.95,2791412.0,5507458.0
2011-10-25,1.98,2.01,2.01,1.97,4086401.0,8161778.0
2011-10-26,2.01,2.02,2.04,2.0,4174101.0,8440045.0
2011-10-27,2.02,2.05,2.11,1.99,18314581.0,37662796.0
2011-10-28,2.07,2.11,2.11,2.05,10846000.0,22522110.0
2011-10-31,2.11,2.16,2.17,2.09,20072714.0,43067640.0
2011-11-01,2.14,2.24,2.24,2.13,23399573.0,51540340.0
2011-11-02,2.2,2.25,2.26,2.19,17115581.0,38129528.0
2011-11-03,2.23,2.22,2.23,2.16,67229842.0,147342320.0
2011-11-04,2.19,2.19,2.2,2.15,77578306.0,168546544.0
2011-11-07,2.19,2.19,2.19,2.19,0.0,0.0
2011-11-08,2.19,2.19,2.19,2.19,0.0,0.0
2011-11-09,2.19,2.19,2.19,2.19,0.0,0.0
2011-11-10,2.19,2.19,2.19,2.19,0.0,0.0
2011-11-11,2.11,2.07,2.11,2.07,31514297.0,65859980.0
2011-11-14,2.09,2.12,2.14,2.08,43249165.0,91815288.0
2011-11-15,2.12,2.12,2.12,2.12,0.0,0.0
2011-11-16,2.14,2.08,2.16,2.06,21130285.0,44430904.0
2011-11-17,2.08,2.1,2.12,2.06,35291407.0,73889136.0
2011-11-18,2.09,2.05,2.09,2.04,11921420.0,24575492.0
2011-11-21,2.12,2.06,2.12,2.05,13472645.0,27943140.0
2011-11-22,2.0,2.03,2.04,1.99,43132934.0,87034216.0
2011-11-23,2.02,2.04,2.07,2.02,85187075.0,174246448.0
2011-11-24,2.03,2.05,2.08,2.02,31825192.0,65140984.0
2011-11-25,2.05,2.01,2.07,1.99,20720919.0,42194160.0
2011-11-28,2.02,2.01,2.02,1.98,18242073.0,36470296.0
2011-11-29,2.02,2.02,2.03,2.0,15470818.0,31194200.0
2011-11-30,2.02,1.94,2.04,1.92,31064534.0,61219708.0
2011-12-01,2.01,1.92,2.01,1.9,63184222.0,123224672.0
2011-12-02,1.91,1.78,1.92,1.73,100104457.0,181257472.0
2011-12-05,1.77,1.77,1.8,1.77,85199029.0,151999664.0
2011-12-06,1.77,1.8,1.81,1.77,50508938.0,90727352.0
2011-12-07,1.79,1.8,1.82,1.79,10080991.0,18146166.0
2011-12-08,1.8,1.82,1.83,1.78,18623067.0,33730220.0
2011-12-09,1.81,1.84,1.86,1.81,18592914.0,34229920.0
2011-12-12,1.84,1.86,1.88,1.82,28236937.0,52349692.0
2011-12-13,1.85,1.81,1.85,1.78,27248199.0,49210932.0
2011-12-14,1.8,1.85,1.92,1.78,38303632.0,71961984.0
2011-12-15,1.84,1.86,1.89,1.84,30470470.0,57032112.0
2011-12-16,1.86,1.87,1.87,1.8,15412829.0,28371506.0
2011-12-19,1.86,1.92,1.95,1.84,31758649.0,60725880.0
2011-12-20,1.92,1.92,1.95,1.91,15299135.0,29565448.0
2011-12-21,1.92,1.87,1.93,1.87,9794793.0,18558048.0
2011-12-22,1.87,1.91,1.92,1.83,15247041.0,28552660.0
2011-12-23,1.9,1.91,1.95,1.89,10254256.0,19748228.0
2011-12-26,1.9,1.96,1.98,1.89,31351512.0,61179504.0
2011-12-27,1.95,1.93,1.95,1.9,12001802.0,23149396.0
2011-12-28,1.92,1.92,1.92,1.88,8918359.0,16891104.0
2011-12-29,1.91,1.92,1.93,1.89,12771401.0,24478704.0
2011-12-30,1.91,1.95,1.98,1.91,28987447.0,56797188.0
2012-01-04,1.96,1.96,1.97,1.94,15312687.0,30052400.0
2012-01-05,1.96,1.96,1.96,1.96,0.0,0.0
2012-01-06,1.92,1.93,1.93,1.87,36279526.0,69168584.0
2012-01-09,1.93,1.95,1.96,1.91,15883612.0,30747380.0
2012-01-10,1.95,1.97,1.97,1.92,46853408.0,90738344.0
2012-01-11,1.96,1.95,1.97,1.93,17821448.0,34733620.0
2012-01-12,1.95,1.97,1.98,1.94,18586418.0,36564476.0
2012-01-13,1.98,1.94,1.98,1.89,24520451.0,47415352.0
2012-01-16,1.92,2.01,2.1,1.92,71328889.0,143870544.0
2012-01-17,2.01,2.05,2.08,2.0,42654792.0,86688544.0
2012-01-18,2.03,2.02,2.07,2.0,23112122.0,46741032.0
2012-01-19,2.02,2.0,2.03,1.99,21983400.0,44038000.0
2012-01-20,2.01,2.02,2.02,1.98,24015148.0,47863512.0
2012-01-30,2.01,2.01,2.02,2.0,7212665.0,14503096.0
2012-01-31,2.01,2.03,2.07,2.0,26548107.0,53818644.0
2012-02-01,2.03,2.01,2.05,2.0,13607417.0,27541256.0
2012-02-02,2.0,2.02,2.02,1.99,11879657.0,23793434.0
2012-02-03,2.01,2.0,2.01,1.97,22680809.0,45234876.0
2012-02-06,2.0,2.01,2.01,1.98,16775362.0,33485582.0
2012-02-07,2.01,1.97,2.02,1.97,14210344.0,28240932.0
2012-02-08,1.97,2.0,2.01,1.95,18493897.0,36473400.0
2012-02-09,2.0,2.0,2.01,1.98,14325791.0,28578826.0
2012-02-10,2.0,1.98,2.01,1.97,17089931.0,34043256.0
2012-02-13,1.97,1.98,1.99,1.96,19023709.0,37688280.0
2012-02-14,1.98,1.97,1.99,1.97,10468501.0,20715758.0
2012-02-15,1.98,2.02,2.06,1.97,24625543.0,49662724.0
2012-02-16,2.02,2.01,2.04,1.99,20263377.0,40721848.0
2012-02-17,2.02,2.01,2.04,2.0,17809824.0,35998648.0
2012-02-20,2.03,1.98,2.04,1.97,18370484.0,36857788.0
2012-02-21,1.98,2.0,2.02,1.97,10616813.0,21132448.0
2012-02-22,2.0,1.99,2.0,1.98,20169501.0,40181168.0
2012-02-23,1.99,2.0,2.01,1.99,14742333.0,29494728.0
2012-02-24,2.0,2.01,2.02,1.99,19044305.0,38193252.0
2012-02-27,2.01,2.03,2.07,2.01,39070212.0,79668616.0
2012-02-28,2.03,2.06,2.07,2.02,32790794.0,66999004.0
2012-02-29,2.06,2.05,2.09,2.04,29041895.0,59970232.0
2012-03-01,2.05,2.05,2.08,2.04,15670804.0,32354328.0
2012-03-02,2.07,2.07,2.08,2.06,17964976.0,37191328.0
2012-03-05,2.08,2.03,2.08,2.02,30316477.0,62224904.0
2012-03-06,2.02,2.05,2.07,2.02,26823994.0,54847520.0
2012-03-07,2.04,2.03,2.07,2.03,16111909.0,33017862.0
2012-03-08,2.04,2.03,2.06,2.03,34986632.0,71267248.0
2012-03-09,2.04,2.07,2.1,2.02,33647999.0,68855824.0
2012-03-12,2.07,2.08,2.08,2.06,14910738.0,30845608.0
2012-03-13,2.08,2.1,2.11,2.07,51945899.0,108950696.0
2012-03-14,2.11,2.03,2.14,2.0,50221335.0,104898032.0
2012-03-15,2.02,1.98,2.04,1.97,32920577.0,65512000.0
2012-03-16,1.98,2.04,2.05,1.98,54325517.0,110653144.0
2012-03-19,2.04,2.07,2.1,2.03,46080937.0,95446624.0
2012-03-20,2.07,2.06,2.07,2.03,18877785.0,38756984.0
2012-03-21,2.06,2.06,2.07,2.03,20760693.0,42664744.0
2012-03-22,2.06,2.03,2.06,2.03,8557848.0,17428356.0
2012-03-23,2.03,2.01,2.03,2.01,6577338.0,13260638.0
2012-03-26,2.01,2.01,2.03,2.0,5708963.0,11486953.0
2012-03-27,2.03,2.01,2.03,2.0,5890868.0,11852815.0
2012-03-28,2.01,1.93,2.01,1.92,19501475.0,38198504.0
2012-03-29,1.92,1.92,1.94,1.89,10622506.0,20355772.0
2012-03-30,1.92,1.93,1.94,1.89,9860809.0,18863620.0
2012-04-05,1.92,1.96,1.96,1.91,26055551.0,50724636.0
2012-04-06,1.95,2.0,2.01,1.95,41180795.0,81749456.0
2012-04-09,1.98,2.0,2.02,1.97,31776702.0,63543472.0
2012-04-10,2.0,2.01,2.01,1.97,38960848.0,77928520.0
2012-04-11,1.99,2.01,2.02,1.98,12474390.0,24957520.0
2012-04-12,2.02,2.01,2.02,1.99,34028029.0,68482304.0
2012-04-13,2.01,2.02,2.05,2.0,43257051.0,87443192.0
2012-04-16,2.0,2.0,2.02,1.99,12079804.0,24164440.0
2012-04-17,2.0,1.93,2.0,1.93,24437078.0,47799152.0
2012-04-18,1.95,1.97,1.98,1.95,28636286.0,56281088.0
2012-04-19,1.96,1.95,1.96,1.94,14608524.0,28555648.0
2012-04-20,1.95,1.96,1.98,1.94,16898366.0,33016226.0
2012-04-23,1.95,1.93,1.96,1.92,28778996.0,55862920.0
2012-04-24,1.93,1.95,1.97,1.92,20236285.0,39478904.0
2012-04-25,1.95,1.96,1.97,1.94,17276072.0,33883664.0
2012-04-26,1.96,1.94,1.97,1.93,18753369.0,36456376.0
2012-04-27,1.95,1.94,1.96,1.93,10014439.0,19470062.0
2012-05-02,1.96,1.98,2.0,1.95,23780076.0,47110040.0
2012-05-03,1.98,1.98,1.99,1.96,17935609.0,35430256.0
2012-05-04,1.98,1.99,1.99,1.98,23887945.0,47476456.0
2012-05-07,1.98,2.0,2.01,1.98,16705104.0,33426494.0
2012-05-08,2.0,2.0,2.0,2.0,0.0,0.0
2012-05-09,2.0,1.98,2.0,1.97,10618908.0,21063896.0
2012-05-10,1.97,2.0,2.01,1.97,14046254.0,28050176.0
2012-05-11,2.02,2.01,2.02,2.0,14510706.0,29146820.0
2012-05-14,2.01,1.99,2.02,1.98,20904120.0,41977248.0
2012-05-15,1.97,2.0,2.0,1.96,16502884.0,32618132.0
2012-05-16,1.99,1.99,2.01,1.98,15117950.0,30253100.0
2012-05-17,1.99,2.03,2.03,1.98,21501045.0,43245908.0
2012-05-18,2.01,2.02,2.03,2.0,12289423.0,24787570.0
2012-05-21,2.02,2.01,2.03,2.0,9170417.0,18468980.0
2012-05-22,2.01,2.01,2.03,1.99,13081933.0,26215144.0
2012-05-23,2.0,1.98,2.01,1.98,12683234.0,25190346.0
2012-05-24,1.97,1.96,1.98,1.96,10862062.0,21376236.0
2012-05-25,1.96,1.94,1.96,1.93,12285602.0,23936486.0
2012-05-28,1.94,1.96,1.96,1.92,9400327.0,18248188.0
2012-05-29,1.96,1.98,1.98,1.95,19484922.0,38346568.0
2012-05-30,1.98,1.95,1.98,1.95,8834470.0,17294872.0
2012-05-31,1.95,1.97,1.98,1.94,9330936.0,18338004.0
2012-06-01,1.97,1.96,1.98,1.96,5401815.0,10626091.0
2012-06-04,1.95,1.95,1.98,1.93,11050124.0,21612852.0
2012-06-05,1.95,1.98,2.03,1.94,26645422.0,52993868.0
2012-06-06,1.97,2.0,2.0,1.97,22681602.0,45126016.0
2012-06-07,2.0,2.01,2.03,1.99,22933151.0,46202492.0
2012-06-08,2.02,2.07,2.08,2.01,52446009.0,107993840.0
2012-06-11,2.06,2.07,2.08,2.06,16385588.0,33876424.0
2012-06-12,2.06,2.08,2.08,2.05,9885878.0,20365976.0
2012-06-13,2.07,2.13,2.13,2.06,38495463.0,81556160.0
2012-06-14,2.13,2.15,2.25,2.12,83968463.0,184883584.0
2012-06-15,2.16,2.18,2.25,2.15,40201325.0,88746152.0
2012-06-18,2.19,2.18,2.23,2.17,21597265.0,47509200.0
2012-06-19,2.18,2.17,2.2,2.17,28760177.0,62720208.0
2012-06-20,2.17,2.13,2.19,2.12,17482882.0,37571084.0
2012-06-21,2.14,2.14,2.17,2.12,23606426.0,50561552.0
2012-06-25,2.12,2.17,2.21,2.12,17358601.0,37595192.0
2012-06-26,2.14,2.15,2.16,2.11,11630640.0,24760532.0
2012-06-27,2.14,2.15,2.18,2.13,11789398.0,25460756.0
2012-06-28,2.17,2.12,2.17,2.07,16808820.0,35826496.0
2012-06-29,2.11,2.14,2.2,2.09,27487852.0,58798940.0
2012-07-02,2.13,2.19,2.24,2.07,38931846.0,84207000.0
2012-07-03,2.18,2.18,2.24,2.17,24818664.0,54907348.0
2012-07-04,2.17,2.16,2.22,2.14,20111241.0,43804848.0
2012-07-05,2.17,2.15,2.21,2.12,16587709.0,35905468.0
2012-07-06,2.18,2.23,2.27,2.18,47411624.0,105590080.0
2012-07-09,2.22,2.28,2.31,2.2,46427469.0,105088488.0
2012-07-10,2.27,2.26,2.3,2.23,16964371.0,38389124.0
2012-07-11,2.23,2.23,2.3,2.22,23153149.0,52319232.0
2012-07-12,2.26,2.21,2.26,2.18,24395924.0,53791600.0
2012-07-13,2.22,2.19,2.22,2.16,9366618.0,20483604.0
2012-07-16,2.19,2.14,2.21,2.13,8043233.0,17460508.0
2012-07-17,2.14,2.16,2.16,2.12,5142429.0,11020033.0
2012-07-18,2.16,2.18,2.21,2.14,9586989.0,20878884.0
2012-07-19,2.19,2.18,2.19,2.16,5139997.0,11224368.0
2012-07-20,2.18,2.19,2.23,2.17,8113519.0,17927628.0
2012-07-23,2.18,2.18,2.21,2.15,4950028.0,10750252.0
2012-07-24,2.17,2.19,2.22,2.17,4901053.0,10785277.0
2012-07-25,2.18,2.14,2.19,2.14,5879635.0,12735197.0
2012-07-26,2.14,2.13,2.16,2.12,3987418.0,8530627.0
2012-07-27,2.13,2.11,2.15,2.11,4241500.0,9024541.0
2012-07-30,2.12,2.13,2.17,2.11,5876698.0,12568021.0
2012-07-31,2.12,2.11,2.16,2.1,4445218.0,9454364.0
2012-08-01,2.11,2.12,2.15,2.11,4687887.0,9990257.0
2012-08-02,2.12,2.1,2.13,2.09,8512209.0,17918216.0
2012-08-03,2.1,2.12,2.12,2.06,19141789.0,40028664.0
2012-08-06,2.1,2.13,2.14,2.1,9270336.0,19687422.0
2012-08-07,2.16,2.14,2.17,2.13,9619702.0,20689868.0
2012-08-08,2.14,2.14,2.16,2.13,9442648.0,20213188.0
2012-08-09,2.13,2.14,2.14,2.11,5132847.0,10916246.0
2012-08-10,2.14,2.24,2.24,2.13,28429053.0,62616496.0
2012-08-13,2.23,2.25,2.28,2.2,27257969.0,61325776.0
2012-08-14,2.24,2.21,2.25,2.19,12914901.0,28597192.0
2012-08-15,2.21,2.23,2.27,2.21,12337988.0,27748532.0
2012-08-16,2.24,2.19,2.27,2.19,16280286.0,36320832.0
2012-08-17,2.21,2.2,2.21,2.16,7307956.0,15926872.0
2012-08-20,2.2,2.21,2.23,2.15,8072648.0,17741244.0
2012-08-21,2.19,2.23,2.24,2.19,5823461.0,12945606.0
2012-08-22,2.24,2.21,2.24,2.2,6006457.0,13271776.0
2012-08-23,2.2,2.23,2.25,2.2,5104996.0,11358119.0
2012-08-24,2.23,2.2,2.23,2.2,3670267.0,8113944.0
2012-08-27,2.19,2.15,2.19,2.14,5036798.0,10859541.0
2012-08-28,2.14,2.16,2.17,2.13,6329349.0,13606716.0
2012-08-29,2.16,2.12,2.18,2.12,13008401.0,28057958.0
2012-08-30,2.12,2.09,2.13,2.09,6177366.0,13020896.0
2012-08-31,2.1,2.11,2.12,2.1,2505459.0,5287327.0
2012-09-03,2.11,2.11,2.13,2.07,9837432.0,20673512.0
2012-09-04,2.11,2.11,2.13,2.1,2412711.0,5097183.0
2012-09-05,2.11,2.15,2.17,2.1,17910017.0,38543348.0
2012-09-06,2.14,2.15,2.18,2.14,4113753.0,8889003.0
2012-09-07,2.16,2.19,2.22,2.15,21595620.0,47228236.0
2012-09-10,2.19,2.17,2.19,2.15,18622017.0,40255164.0
2012-09-11,2.16,2.16,2.18,2.15,4498951.0,9745434.0
2012-09-12,2.17,2.13,2.18,2.12,12693542.0,27305876.0
2012-09-13,2.14,2.13,2.17,2.12,7369905.0,15801959.0
2012-09-14,2.13,2.11,2.14,2.1,9770157.0,20608538.0
2012-09-17,2.11,2.05,2.11,2.02,17955030.0,37120320.0
2012-09-18,2.05,2.04,2.05,2.03,4366202.0,8909962.0
2012-09-19,2.04,2.07,2.1,2.03,8191433.0,16849080.0
2012-09-20,2.09,2.04,2.09,2.04,6616194.0,13614514.0
2012-09-21,2.04,2.06,2.08,2.03,5534659.0,11401252.0
2012-09-24,2.06,2.08,2.09,2.04,5747083.0,11892962.0
2012-09-25,2.08,2.05,2.08,2.04,9060734.0,18572032.0
2012-09-26,2.06,2.03,2.06,2.03,11386995.0,23193510.0
2012-09-27,2.03,2.06,2.08,2.03,10108374.0,20706912.0
2012-09-28,2.06,2.1,2.1,2.05,11167650.0,23191312.0
2012-10-08,2.1,2.14,2.17,2.09,28737622.0,61422136.0
2012-10-09,2.13,2.15,2.18,2.13,22844639.0,49529732.0
2012-10-10,2.15,2.16,2.18,2.14,11499691.0,24902982.0
2012-10-11,2.16,2.18,2.18,2.14,10271494.0,22187984.0
2012-10-12,2.19,2.22,2.28,2.19,36994764.0,82568544.0
2012-10-15,2.23,2.2,2.25,2.16,21330966.0,47250824.0
2012-10-16,2.2,2.19,2.22,2.17,9987303.0,21948564.0
2012-10-17,2.18,2.17,2.19,2.16,10910613.0,23706788.0
2012-10-18,2.16,2.19,2.21,2.16,8301494.0,18232440.0
2012-10-19,2.19,2.19,2.2,2.17,5283930.0,11560444.0
2012-10-22,2.18,2.21,2.23,2.18,17279391.0,38324980.0
2012-10-23,2.21,2.2,2.23,2.19,9948689.0,21906460.0
2012-10-24,2.19,2.22,2.23,2.18,10610216.0,23503876.0
2012-10-25,2.22,2.24,2.29,2.21,23748709.0,53475680.0
2012-10-26,2.25,2.22,2.26,2.2,25882375.0,57760640.0
2012-10-29,2.22,2.26,2.27,2.21,17781765.0,39928448.0
2012-10-30,2.28,2.28,2.29,2.26,12453661.0,28373544.0
2012-10-31,2.28,2.34,2.35,2.26,27928212.0,64567944.0
2012-11-01,2.34,2.34,2.38,2.33,25231971.0,59431000.0
2012-11-02,2.36,2.4,2.42,2.34,36483128.0,86756472.0
2012-11-05,2.4,2.38,2.47,2.36,89183699.0,216206032.0
2012-11-06,2.36,2.37,2.4,2.33,16891650.0,39730016.0
2012-11-07,2.35,2.36,2.38,2.34,13950881.0,32940068.0
2012-11-08,2.34,2.43,2.48,2.34,47723837.0,116254064.0
2012-11-09,2.43,2.46,2.48,2.42,29661446.0,72918096.0
2012-11-12,2.47,2.43,2.48,2.4,29227800.0,71040800.0
2012-11-13,2.43,2.41,2.44,2.4,23336651.0,56426868.0
2012-11-14,2.41,2.42,2.43,2.4,11348822.0,27400480.0
2012-11-15,2.42,2.46,2.47,2.42,48481648.0,119102256.0
2012-11-16,2.46,2.38,2.46,2.36,34757235.0,83111424.0
2012-11-19,2.37,2.4,2.4,2.36,9209222.0,21937692.0
2012-11-20,2.39,2.44,2.47,2.39,24131937.0,58861072.0
2012-11-21,2.45,2.46,2.46,2.44,18052145.0,44127692.0
2012-11-22,2.46,2.46,2.47,2.44,11760107.0,28925164.0
2012-11-23,2.47,2.49,2.53,2.46,25640565.0,64195304.0
2012-11-26,2.51,2.56,2.6,2.5,41376904.0,105887496.0
2012-11-27,2.55,2.54,2.59,2.5,40248397.0,102509344.0
2012-11-28,2.53,2.5,2.53,2.48,27530909.0,68851176.0
2012-11-29,2.49,2.49,2.52,2.46,19386124.0,48192796.0
2012-11-30,2.47,2.58,2.59,2.46,32679638.0,83231112.0
2012-12-03,2.58,2.54,2.61,2.54,29437284.0,75719384.0
2012-12-04,2.53,2.59,2.6,2.52,30484317.0,78480456.0
2012-12-05,2.58,2.64,2.69,2.57,66615149.0,174929696.0
2012-12-06,2.63,2.72,2.74,2.63,52892461.0,142460288.0
2012-12-07,2.72,2.72,2.74,2.68,32754080.0,88654624.0
2012-12-10,2.71,2.66,2.71,2.64,50248868.0,134250240.0
2012-12-11,2.65,2.66,2.69,2.64,14042227.0,37427368.0
2012-12-12,2.66,2.66,2.68,2.63,12804897.0,33942688.0
2012-12-13,2.66,2.68,2.72,2.61,37214488.0,99102160.0
2012-12-14,2.68,2.73,2.74,2.66,47079935.0,127457192.0
2012-12-17,2.73,2.7,2.77,2.7,28356384.0,77303320.0
2012-12-18,2.71,2.7,2.74,2.69,18308292.0,49801032.0
2012-12-19,2.7,2.75,2.8,2.7,27276367.0,75198240.0
2012-12-20,2.74,2.81,2.81,2.73,28997349.0,81032696.0
2012-12-21,2.81,2.79,2.83,2.78,17650907.0,49367584.0
2012-12-24,2.79,2.81,2.82,2.78,13918150.0,39169320.0
2012-12-25,2.81,2.85,2.9,2.76,35100073.0,99090096.0
2012-12-26,2.9,2.85,2.92,2.81,57673764.0,164713184.0
2012-12-27,2.85,2.85,2.86,2.81,25064595.0,71232904.0
2012-12-28,2.85,2.86,2.88,2.83,27775550.0,79211600.0
2012-12-31,2.84,2.84,2.89,2.82,40978219.0,116792424.0
2013-01-04,2.86,2.86,2.86,2.82,24430807.0,69675248.0
2013-01-07,2.87,2.95,2.96,2.85,42666087.0,124065504.0
2013-01-08,2.94,2.96,2.99,2.92,33551435.0,99353488.0
2013-01-09,2.96,2.93,2.98,2.91,27632138.0,81343856.0
2013-01-10,2.93,2.91,2.93,2.89,26478911.0,77057880.0
2013-01-11,2.93,2.9,2.94,2.88,22019774.0,64153180.0
2013-01-14,2.9,2.96,2.97,2.86,32289325.0,94687232.0
2013-01-15,2.95,2.93,2.97,2.91,31980317.0,93554328.0
2013-01-16,2.9,2.89,2.95,2.87,26369164.0,76637296.0
2013-01-17,2.89,2.86,2.92,2.85,40351449.0,116368032.0
2013-01-18,2.87,2.91,2.94,2.87,39613310.0,114885944.0
2013-01-21,2.93,2.89,2.96,2.87,39033856.0,113695816.0
2013-01-22,2.88,2.8,2.89,2.69,124616464.0,347044992.0
2013-01-23,2.77,2.77,2.79,2.73,27436206.0,75690264.0
2013-01-24,2.82,2.77,2.85,2.76,44657705.0,124996920.0
2013-01-25,2.77,2.76,2.82,2.75,34001206.0,94680760.0
2013-01-28,2.77,2.8,2.81,2.77,34254910.0,95516384.0
2013-01-29,2.8,2.76,2.8,2.74,42222785.0,116590176.0
2013-01-30,2.77,2.73,2.77,2.71,40988787.0,112046112.0
2013-01-31,2.74,2.89,2.95,2.74,84375281.0,240119376.0
2013-02-01,2.89,2.88,2.9,2.85,34893372.0,100379880.0
2013-02-04,2.88,2.93,2.96,2.87,52121660.0,152620624.0
2013-02-05,2.94,2.94,2.96,2.91,23391944.0,68631896.0
2013-02-06,2.94,2.93,2.94,2.9,17775128.0,51952720.0
2013-02-07,2.92,2.89,2.94,2.88,24434231.0,70929328.0
2013-02-08,2.9,2.93,2.94,2.88,18877563.0,55005416.0
2013-02-18,2.93,2.91,2.94,2.87,26265996.0,76261728.0
2013-02-19,2.91,2.85,2.91,2.82,20817821.0,59832296.0
2013-02-20,2.84,2.93,2.96,2.84,28224244.0,82619160.0
2013-02-21,2.91,2.88,2.96,2.86,33999035.0,98905912.0
2013-02-22,2.87,2.97,2.98,2.87,46040135.0,135832832.0
2013-02-25,2.98,2.99,3.03,2.94,34996960.0,104558472.0
2013-02-26,2.97,3.01,3.07,2.97,41420941.0,125935992.0
2013-02-27,3.01,3.07,3.09,3.01,32656709.0,100152160.0
2013-02-28,3.08,3.08,3.1,3.01,34552595.0,105125944.0
2013-03-01,3.05,3.02,3.07,2.95,35454469.0,106778912.0
2013-03-04,3.01,2.92,3.04,2.89,62959230.0,186293952.0
2013-03-05,2.93,2.92,2.95,2.85,41059600.0,118545664.0
2013-03-06,2.93,3.0,3.03,2.93,39851116.0,119196008.0
2013-03-07,2.96,2.93,3.05,2.9,48330188.0,143910656.0
2013-03-08,2.94,2.91,2.97,2.9,16603598.0,48663928.0
2013-03-11,2.9,2.94,2.95,2.87,15535333.0,45442212.0
2013-03-12,2.94,2.95,3.04,2.92,38993940.0,116421808.0
2013-03-13,2.95,2.9,2.96,2.89,21905056.0,63766368.0
2013-03-14,2.9,3.0,3.02,2.9,34473384.0,102894024.0
2013-03-15,2.99,2.96,3.04,2.95,27340480.0,82029152.0
2013-03-18,2.96,2.99,3.02,2.94,37232326.0,111536728.0
2013-03-19,3.0,3.08,3.11,3.0,64309408.0,197570416.0
2013-03-20,3.09,3.08,3.11,3.06,51159988.0,157678720.0
2013-03-21,3.08,3.14,3.17,3.07,46144040.0,143580672.0
2013-03-22,3.15,3.14,3.16,3.11,35846370.0,112402168.0
2013-03-25,3.15,3.2,3.2,3.12,37612301.0,119559720.0
2013-03-26,3.2,3.15,3.21,3.14,26511625.0,83927264.0
2013-03-27,3.15,3.18,3.23,3.15,24063234.0,76933816.0
2013-03-28,3.15,3.16,3.19,3.13,27295980.0,86140304.0
2013-03-29,3.16,3.14,3.23,3.13,30638904.0,97478184.0
2013-04-01,3.12,3.13,3.16,3.09,12877178.0,40160808.0
2013-04-02,3.13,3.11,3.16,3.08,20181739.0,62859584.0
2013-04-03,3.14,3.09,3.14,3.06,22276533.0,68840328.0
2013-04-08,3.06,3.09,3.15,3.03,29427744.0,90648648.0
2013-04-09,3.11,3.06,3.11,3.05,28773067.0,88303272.0
2013-04-10,3.08,3.05,3.1,3.03,48543028.0,148471936.0
2013-04-11,3.06,3.05,3.06,3.04,19575781.0,59646560.0
2013-04-12,3.06,3.06,3.08,3.05,56247377.0,171876768.0
2013-04-15,3.05,3.0,3.05,2.99,31526825.0,95256936.0
2013-04-16,3.02,2.95,3.03,2.91,44642520.0,132281856.0
2013-04-17,2.98,2.92,2.99,2.86,64761769.0,188728544.0
2013-04-18,2.9,2.91,2.92,2.88,30401956.0,88105296.0
2013-04-19,2.92,3.01,3.04,2.92,66119570.0,198769456.0
2013-04-22,3.0,2.97,3.02,2.93,56581282.0,167625664.0
2013-04-23,2.98,2.93,2.98,2.91,44628305.0,131230096.0
2013-04-24,2.94,2.96,2.97,2.92,40905658.0,120557048.0
2013-04-25,2.96,3.0,3.03,2.93,51359987.0,153399360.0
2013-04-26,3.0,2.96,3.0,2.95,32728560.0,97390544.0
2013-05-02,2.94,2.97,3.0,2.93,24737297.0,73594448.0
2013-05-03,2.97,3.05,3.06,2.97,61334170.0,185398464.0
2013-05-06,3.05,3.06,3.09,3.05,43854482.0,134515520.0
2013-05-07,3.04,3.13,3.16,3.04,60576388.0,189138928.0
2013-05-08,3.16,3.14,3.17,3.12,29687094.0,93031288.0
2013-05-09,3.12,3.09,3.12,3.05,31350406.0,96378592.0
2013-05-10,3.08,3.1,3.12,3.06,24515754.0,75664144.0
2013-05-13,3.11,3.16,3.17,3.11,50529352.0,158504800.0
2013-05-14,3.17,3.16,3.17,3.11,43371515.0,136111408.0
2013-05-15,3.15,3.15,3.16,3.13,19156583.0,60285148.0
2013-05-16,3.15,3.22,3.22,3.14,46234265.0,147160368.0
2013-05-17,3.22,3.3,3.31,3.22,63139273.0,206813744.0
2013-05-20,3.31,3.29,3.35,3.27,63105626.0,208295200.0
2013-05-21,3.3,3.27,3.3,3.21,48706731.0,158593040.0
2013-05-22,3.32,3.21,3.35,3.17,66833330.0,215369072.0
2013-05-23,3.17,3.16,3.2,3.12,66707745.0,210819936.0
2013-05-24,3.17,3.15,3.2,3.12,30129687.0,94813424.0
2013-05-27,3.14,3.14,3.16,3.08,61826761.0,193077328.0
2013-05-28,3.15,3.27,3.28,3.12,87042208.0,279112064.0
2013-05-29,3.27,3.32,3.34,3.25,80650633.0,266522384.0
2013-05-30,3.3,3.3,3.38,3.27,76993509.0,256281232.0
2013-05-31,3.31,3.24,3.32,3.21,53981202.0,175782272.0
2013-06-03,3.24,3.23,3.27,3.2,51245796.0,165798992.0
2013-06-04,3.22,3.12,3.22,3.11,44102383.0,139242432.0
2013-06-05,3.12,3.15,3.17,3.12,19197654.0,60557224.0
2013-06-06,3.15,3.14,3.18,3.13,20859231.0,65854548.0
2013-06-07,3.14,3.09,3.17,3.08,32766872.0,102259648.0
2013-06-13,3.08,2.98,3.08,2.92,45795521.0,137406848.0
2013-06-14,3.0,2.94,3.02,2.88,50700931.0,149518272.0
2013-06-17,2.94,2.93,2.96,2.88,40137581.0,117333488.0
2013-06-18,2.93,2.96,2.97,2.92,26941681.0,79316608.0
2013-06-19,2.95,2.92,2.96,2.87,44769776.0,130507080.0
2013-06-20,2.92,2.77,2.92,2.74,87260294.0,245141344.0
2013-06-21,2.76,2.77,2.78,2.65,57317369.0,156922144.0
2013-06-24,2.74,2.61,2.8,2.59,80458530.0,217182768.0
2013-06-25,2.61,2.7,2.74,2.45,106640264.0,277188992.0
2013-06-26,2.69,2.7,2.79,2.64,65547073.0,179005856.0
2013-06-27,2.7,2.65,2.77,2.63,58529812.0,158381328.0
2013-06-28,2.64,2.7,2.76,2.64,65274613.0,176544416.0
2013-07-01,2.72,2.85,2.86,2.69,95063491.0,265017536.0
2013-07-02,2.84,2.92,2.95,2.81,69379682.0,200564544.0
2013-07-03,2.93,2.94,3.0,2.87,68600173.0,201018272.0
2013-07-04,2.92,2.95,3.0,2.91,67236377.0,199311856.0
2013-07-05,2.95,3.01,3.02,2.95,40922809.0,121789680.0
2013-07-08,2.96,2.92,3.02,2.91,45879202.0,136454128.0
2013-07-09,2.91,2.92,2.93,2.87,41620241.0,120589392.0
2013-07-10,2.96,3.0,3.04,2.95,50540403.0,151679536.0
2013-07-11,3.01,3.13,3.14,2.99,68589592.0,211279200.0
2013-07-12,3.24,3.14,3.29,3.08,191131209.0,610361536.0
2013-07-15,3.13,3.11,3.16,3.06,85191614.0,264858960.0
2013-07-16,3.1,3.07,3.11,3.03,70038630.0,214416160.0
2013-07-17,3.06,2.93,3.07,2.9,108102416.0,320958272.0
2013-07-18,2.91,2.88,2.95,2.86,74021597.0,214059632.0
2013-07-19,2.86,2.74,2.91,2.73,90345734.0,254939056.0
2013-07-22,2.71,2.8,2.88,2.69,72066746.0,201837888.0
2013-07-23,2.8,2.85,2.89,2.8,80026137.0,228724592.0
2013-07-24,2.84,2.78,2.84,2.74,61170035.0,170323696.0
2013-07-25,2.79,2.74,2.8,2.73,50651933.0,139539200.0
2013-07-26,2.73,2.8,2.81,2.73,39560937.0,110268680.0
2013-07-29,2.8,2.72,2.81,2.69,67397036.0,184114032.0
2013-07-30,2.73,2.71,2.75,2.67,78643025.0,213539696.0
2013-07-31,2.72,2.75,2.77,2.71,25384500.0,69549936.0
2013-08-01,2.76,2.8,2.81,2.74,51086629.0,142429648.0
2013-08-02,2.83,2.78,2.84,2.78,31161349.0,87281008.0
2013-08-05,2.79,2.89,2.9,2.79,46799683.0,133758080.0
2013-08-06,2.89,3.05,3.12,2.86,86379290.0,258633328.0
2013-08-07,3.05,2.97,3.09,2.96,57674986.0,173634896.0
2013-08-08,2.96,2.96,3.0,2.94,45935327.0,136719056.0
2013-08-09,2.98,2.96,3.01,2.88,51736007.0,152739568.0
2013-08-12,2.95,3.04,3.08,2.95,68442733.0,207420000.0
2013-08-13,3.04,3.16,3.16,3.04,100709303.0,314822304.0
2013-08-14,3.17,3.08,3.17,3.07,59037426.0,183676288.0
2013-08-15,3.08,2.96,3.1,2.95,79105075.0,239557792.0
2013-08-16,2.96,2.95,3.07,2.92,90749321.0,270329920.0
2013-08-19,2.93,2.98,3.01,2.91,61595415.0,184161824.0
2013-08-20,3.0,2.96,3.05,2.93,60551475.0,181333104.0
2013-08-21,2.97,2.96,3.0,2.92,55972703.0,165444096.0
2013-08-22,2.96,2.89,2.96,2.87,91732145.0,266666256.0
2013-08-23,2.92,2.89,2.93,2.84,67449948.0,194788064.0
2013-08-26,2.92,2.98,2.99,2.9,75624457.0,223154080.0
2013-08-27,3.0,3.02,3.04,2.98,47890083.0,144403184.0
2013-08-28,3.0,3.05,3.07,2.99,60152949.0,182736944.0
2013-08-29,3.04,3.06,3.09,3.04,43390568.0,133260672.0
2013-08-30,3.06,3.0,3.06,2.99,63931044.0,192432352.0
2013-09-02,3.04,3.05,3.08,2.99,67821420.0,205719808.0
2013-09-03,3.05,3.07,3.09,3.04,50622051.0,155171536.0
2013-09-04,3.08,3.07,3.09,3.04,49920361.0,152988784.0
2013-09-05,3.07,3.05,3.11,3.04,54390591.0,167237008.0
2013-09-06,3.05,3.06,3.08,3.03,62710182.0,191739104.0
2013-09-09,3.05,3.08,3.1,3.02,77751130.0,237921696.0
2013-09-10,3.08,3.15,3.22,3.08,134027412.0,424153600.0
2013-09-11,3.09,3.1,3.15,3.07,154183361.0,479352224.0
2013-09-12,3.11,3.01,3.12,2.99,171143932.0,518962112.0
2013-09-13,3.0,3.02,3.05,2.99,59171186.0,178957648.0
2013-09-16,3.04,3.03,3.06,3.02,44499288.0,135215552.0
2013-09-17,3.04,2.97,3.04,2.95,52882668.0,157518016.0
2013-09-18,2.99,2.96,2.99,2.92,45487753.0,134488336.0
2013-09-23,2.97,3.02,3.03,2.96,39906626.0,119552832.0
2013-09-24,3.02,2.99,3.03,2.98,40703534.0,122185856.0
2013-09-25,3.0,2.97,3.02,2.96,35906911.0,107610032.0
2013-09-26,2.99,2.96,3.0,2.96,42333358.0,125848560.0
2013-09-27,2.96,2.9,2.99,2.9,44038434.0,129060600.0
2013-09-30,2.92,2.95,2.95,2.88,38290166.0,111760512.0
2013-10-08,2.94,2.95,2.96,2.92,31563326.0,92823056.0
2013-10-09,2.96,3.03,3.05,2.94,61510368.0,185303280.0
2013-10-10,3.04,3.04,3.06,3.01,54704746.0,166157744.0
2013-10-11,3.07,3.09,3.09,3.05,60533030.0,185733792.0
2013-10-14,3.1,3.13,3.16,3.08,85899651.0,268591360.0
2013-10-15,3.13,3.15,3.16,3.1,79461691.0,249480976.0
2013-10-16,3.15,3.12,3.16,3.11,62817808.0,196781488.0
2013-10-17,3.12,3.07,3.14,3.06,66818529.0,207483536.0
2013-10-18,3.07,3.08,3.09,3.05,40535181.0,124528776.0
2013-10-21,3.08,3.16,3.19,3.06,60199319.0,188258928.0
2013-10-22,3.17,3.11,3.18,3.1,55906677.0,175467552.0
2013-10-23,3.12,3.12,3.16,3.1,55687770.0,174724720.0
2013-10-24,3.12,3.07,3.13,3.05,33188451.0,102758976.0
2013-10-25,3.07,3.08,3.09,3.03,44857135.0,137227376.0
2013-10-28,3.08,3.13,3.16,3.08,38145459.0,119186992.0
2013-10-29,3.14,3.21,3.25,3.14,143941264.0,459874080.0
2013-10-30,3.22,3.52,3.53,3.2,358083924.0,1243884928.0
2013-10-31,3.48,3.47,3.51,3.36,192533327.0,660641088.0
2013-11-01,3.44,3.45,3.51,3.4,113908542.0,394290976.0
2013-11-04,3.46,3.39,3.5,3.39,104150158.0,358039200.0
2013-11-05,3.37,3.39,3.41,3.29,99661739.0,333619488.0
2013-11-06,3.36,3.38,3.45,3.33,65477293.0,222167152.0
2013-11-07,3.36,3.4,3.47,3.36,56972115.0,194884816.0
2013-11-08,3.4,3.45,3.5,3.38,76482461.0,263650064.0
2013-11-11,3.46,3.44,3.48,3.36,49621558.0,169216720.0
2013-11-12,3.44,3.44,3.47,3.38,40145900.0,137501280.0
2013-11-13,3.4,3.26,3.42,3.24,80297546.0,266439536.0
2013-11-14,3.24,3.28,3.32,3.24,50461597.0,165810176.0
2013-11-15,3.28,3.35,3.36,3.27,60881898.0,203165184.0
2013-11-18,3.38,3.4,3.41,3.32,65414409.0,219476352.0
2013-11-19,3.4,3.39,3.44,3.37,36001624.0,122208808.0
2013-11-20,3.41,3.4,3.41,3.33,42851109.0,144163920.0
2013-11-21,3.37,3.35,3.38,3.32,38233695.0,127855616.0
2013-11-22,3.35,3.34,3.36,3.29,30675933.0,102187520.0
2013-11-25,3.32,3.32,3.36,3.3,29041644.0,97036624.0
2013-11-26,3.32,3.35,3.37,3.31,24716101.0,82786320.0
2013-11-27,3.34,3.33,3.36,3.31,26567285.0,88478648.0
2013-11-28,3.34,3.36,3.4,3.33,35948136.0,121029904.0
2013-11-29,3.37,3.32,3.38,3.3,51748661.0,172112256.0
2013-12-02,3.34,3.3,3.4,3.3,87928587.0,294089440.0
2013-12-03,3.3,3.36,3.38,3.28,45415349.0,151807520.0
2013-12-04,3.36,3.4,3.42,3.34,67523347.0,228687440.0
2013-12-05,3.4,3.37,3.44,3.37,40681825.0,138315728.0
2013-12-06,3.4,3.4,3.42,3.36,34980648.0,118763360.0
2013-12-09,3.4,3.39,3.43,3.37,40792830.0,138831792.0
2013-12-10,3.39,3.36,3.41,3.35,37009542.0,125139768.0
2013-12-11,3.36,3.32,3.37,3.3,54046253.0,180258304.0
2013-12-12,3.31,3.32,3.33,3.28,36393315.0,120595904.0
2013-12-13,3.29,3.32,3.34,3.28,36025610.0,119564592.0
2013-12-16,3.32,3.27,3.33,3.24,55471856.0,181992368.0
2013-12-17,3.27,3.24,3.28,3.2,36802668.0,118910928.0
2013-12-18,3.24,3.24,3.25,3.19,37620176.0,121266400.0
2013-12-19,3.25,3.19,3.26,3.18,35780659.0,115151176.0
2013-12-20,3.19,3.13,3.2,3.13,36733178.0,116109008.0
2013-12-23,3.14,3.1,3.15,3.06,57906166.0,178977392.0
2013-12-24,3.1,3.12,3.17,3.09,44689198.0,140409872.0
2013-12-25,3.14,3.15,3.15,3.1,22409607.0,70112464.0
2013-12-26,3.15,3.08,3.16,3.07,32976754.0,102050448.0
2013-12-27,3.1,3.1,3.12,3.08,31436221.0,97573872.0
2013-12-30,3.12,3.08,3.15,3.07,51023891.0,158589456.0
2013-12-31,3.08,3.14,3.16,3.08,43638120.0,136400976.0
2014-01-02,3.12,3.15,3.19,3.12,38824489.0,122859264.0
2014-01-03,3.15,3.14,3.16,3.11,23913593.0,74771536.0
2014-01-06,3.15,3.08,3.15,3.06,51605345.0,159145648.0
2014-01-07,3.08,3.1,3.12,2.98,56975594.0,174178512.0
2014-01-08,3.09,3.15,3.16,3.08,34985644.0,109007752.0
2014-01-09,3.14,3.11,3.19,3.1,33111477.0,104602696.0
2014-01-10,3.1,3.19,3.19,3.1,51774729.0,163390480.0
2014-01-13,3.2,3.26,3.26,3.17,50377586.0,161940432.0
2014-01-14,3.26,3.28,3.28,3.24,31945723.0,104326248.0
2014-01-15,3.27,3.24,3.28,3.2,23133583.0,74877992.0
2014-01-16,3.24,3.26,3.28,3.2,28541265.0,92611168.0
2014-01-17,3.24,3.25,3.29,3.24,31508119.0,102944528.0
2014-01-20,3.24,3.19,3.25,3.16,39362427.0,125655248.0
2014-01-21,3.2,3.19,3.21,3.17,34958780.0,111556240.0
2014-01-22,3.19,3.22,3.26,3.18,44444333.0,143259168.0
2014-01-23,3.26,3.31,3.35,3.24,77997787.0,258069040.0
2014-01-24,3.29,3.28,3.34,3.25,45777211.0,150667360.0
2014-01-27,3.26,3.21,3.26,3.19,39529948.0,126996224.0
2014-01-28,3.22,3.25,3.27,3.2,30873682.0,99760048.0
2014-01-29,3.27,3.39,3.4,3.27,81623942.0,273729792.0
2014-01-30,3.39,3.36,3.45,3.35,31699519.0,107662280.0
2014-02-07,3.34,3.36,3.36,3.27,30332782.0,100411632.0
2014-02-10,3.36,3.37,3.39,3.32,51006878.0,171158432.0
2014-02-11,3.37,3.35,3.38,3.33,47682429.0,159632944.0
2014-02-12,3.34,3.33,3.36,3.31,39524973.0,131489184.0
2014-02-13,3.33,3.29,3.33,3.28,40654030.0,134004480.0
2014-02-14,3.29,3.38,3.39,3.27,58443318.0,194805920.0
2014-02-17,3.39,3.38,3.4,3.35,34251839.0,115402976.0
2014-02-18,3.36,3.35,3.38,3.33,28653657.0,95999600.0
2014-02-19,3.34,3.35,3.37,3.32,34708113.0,116150576.0
2014-02-20,3.35,3.4,3.43,3.34,55281040.0,187375328.0
2014-02-21,3.41,3.38,3.44,3.35,71930208.0,244516032.0
2014-02-24,3.37,3.28,3.37,3.28,47231105.0,156864224.0
2014-02-25,3.3,3.28,3.32,3.21,61402967.0,201066080.0
2014-02-26,3.25,3.21,3.26,3.17,56704260.0,182393568.0
2014-02-27,3.22,3.24,3.26,3.18,55628270.0,179047312.0
2014-02-28,3.23,3.23,3.26,3.17,40413980.0,129779520.0
2014-03-03,3.23,3.32,3.33,3.22,61289264.0,201336304.0
2014-03-04,3.31,3.31,3.34,3.25,39290129.0,130048032.0
2014-03-05,3.32,3.3,3.33,3.28,26701861.0,88255360.0
2014-03-06,3.29,3.28,3.32,3.22,37959368.0,124373944.0
2014-03-07,3.29,3.27,3.3,3.26,23549103.0,77268664.0
2014-03-10,3.25,3.2,3.25,3.19,36932939.0,118938800.0
2014-03-11,3.19,3.2,3.22,3.18,35840727.0,114694088.0
2014-03-12,3.2,3.27,3.28,3.16,42704705.0,136938592.0
2014-03-13,3.36,3.4,3.48,3.32,122739572.0,415152064.0
2014-03-14,3.37,3.34,3.4,3.32,50711047.0,170209216.0
2014-03-17,3.32,3.32,3.36,3.29,37117427.0,123280056.0
2014-03-18,3.33,3.33,3.35,3.28,59139156.0,195808976.0
2014-03-19,3.32,3.32,3.33,3.29,28484373.0,94149144.0
2014-03-20,3.32,3.28,3.33,3.28,25844418.0,85272144.0
2014-03-21,3.26,3.32,3.36,3.26,50343585.0,166332672.0
2014-03-24,3.34,3.34,3.36,3.31,42753723.0,142952384.0
2014-03-25,3.34,3.47,3.68,3.33,187227163.0,655462720.0
2014-03-26,3.47,3.49,3.54,3.44,70502958.0,245728880.0
2014-03-27,3.48,3.56,3.62,3.47,108737954.0,388314176.0
2014-03-28,3.56,3.5,3.62,3.44,54694349.0,192728816.0
2014-03-31,3.48,3.68,3.78,3.44,125633935.0,459243712.0
2014-04-01,3.68,3.67,3.76,3.66,60154090.0,222569600.0
2014-04-02,3.66,3.65,3.75,3.6,66116720.0,241706144.0
2014-04-03,3.68,3.6,3.68,3.58,45906156.0,165689024.0
2014-04-04,3.61,3.71,3.72,3.59,64039431.0,235828112.0
2014-04-08,3.71,3.84,3.86,3.68,95514539.0,360383872.0
2014-04-09,3.86,3.8,3.88,3.78,43696884.0,167371296.0
2014-04-10,3.8,3.86,3.89,3.79,53249065.0,205130544.0
2014-04-11,3.91,3.88,3.98,3.87,81260954.0,318316960.0
2014-04-14,3.89,3.86,3.91,3.82,42894746.0,165186224.0
2014-04-15,3.86,3.77,3.86,3.76,70360589.0,267112048.0
2014-04-16,3.77,3.83,3.86,3.76,45465989.0,173432736.0
2014-04-17,3.8,3.75,3.85,3.73,40752179.0,153953456.0
2014-04-18,3.73,3.76,3.78,3.68,42755535.0,158997680.0
2014-04-21,3.72,3.7,3.76,3.68,29270377.0,108640496.0
2014-04-22,3.68,3.73,3.73,3.68,18536796.0,68852288.0
2014-04-23,3.72,3.74,3.81,3.72,28869047.0,108677624.0
2014-04-24,3.76,3.68,3.77,3.68,25497220.0,95209392.0
2014-04-25,3.69,3.71,3.76,3.68,24624209.0,91611136.0
2014-04-28,3.76,3.66,3.78,3.66,51469994.0,191199408.0
2014-04-29,3.68,3.69,3.72,3.64,22006193.0,80938944.0
2014-04-30,3.7,3.85,3.86,3.7,51007578.0,193318544.0
2014-05-05,3.86,3.84,3.87,3.81,33008033.0,126632272.0
2014-05-06,3.84,3.84,3.88,3.8,34944880.0,133974440.0
2014-05-07,3.84,3.8,3.84,3.78,30167157.0,114842816.0
2014-05-08,3.8,3.79,3.84,3.78,18982647.0,72384520.0
2014-05-09,3.82,3.68,3.82,3.61,53944718.0,199776832.0
2014-05-12,3.7,3.72,3.74,3.67,27846761.0,103317824.0
2014-05-13,3.72,3.76,3.77,3.71,23058147.0,86374024.0
2014-05-14,3.76,3.71,3.76,3.68,35627429.0,131824672.0
2014-05-15,3.69,3.69,3.72,3.67,20641762.0,76143216.0
2014-05-16,3.7,3.75,3.76,3.68,35165326.0,131378416.0
2014-05-19,3.72,3.72,3.75,3.68,27358707.0,101331472.0
2014-05-20,3.74,3.81,3.86,3.73,36443847.0,138225808.0
2014-05-21,3.81,3.9,3.91,3.76,58704601.0,227548432.0
2014-05-22,3.91,3.88,3.92,3.88,24886799.0,96885528.0
2014-05-23,3.87,3.97,3.97,3.87,37796677.0,149163360.0
2014-05-26,4.0,3.96,4.01,3.92,35519682.0,140539664.0
2014-05-27,3.96,4.04,4.06,3.94,46801935.0,188895008.0
2014-05-28,4.04,4.05,4.07,4.01,21916571.0,88475712.0
2014-05-29,4.06,3.96,4.07,3.96,37039222.0,148548144.0
2014-05-30,3.96,3.98,4.04,3.96,28137966.0,112673352.0
2014-06-03,3.98,4.09,4.12,3.98,43537702.0,178096752.0
2014-06-04,4.08,4.11,4.12,4.03,24022448.0,97877160.0
2014-06-05,4.09,4.1,4.12,4.05,20361377.0,83113216.0
2014-06-06,4.12,4.08,4.13,4.04,22593499.0,92090736.0
2014-06-09,4.06,4.05,4.09,4.04,24586491.0,99900720.0
2014-06-10,4.06,4.12,4.12,4.0,36314582.0,147664288.0
2014-06-11,4.11,4.21,4.23,4.09,52374994.0,218926624.0
2014-06-12,4.21,4.23,4.27,4.19,34656175.0,146459392.0
2014-06-13,4.23,4.2,4.27,4.18,23366405.0,98762544.0
2014-06-16,4.18,4.2,4.22,4.14,46753448.0,194814784.0
2014-06-17,4.21,4.13,4.21,4.12,33293432.0,138301664.0
2014-06-18,4.13,4.12,4.15,4.1,27822920.0,114681712.0
2014-06-19,4.12,4.08,4.13,4.05,29259705.0,119919376.0
2014-06-20,4.08,4.04,4.12,4.01,55615947.0,225150496.0
2014-06-23,4.04,4.06,4.08,4.03,36683792.0,148775840.0
2014-06-24,4.07,4.11,4.12,4.04,23927518.0,97397552.0
2014-06-25,4.12,4.08,4.12,4.05,18351224.0,75012096.0
2014-06-26,4.11,4.17,4.18,4.09,20108793.0,83647920.0
2014-06-27,4.17,4.2,4.24,4.14,23407873.0,98329416.0
2014-06-30,4.2,4.19,4.23,4.18,22592167.0,94735800.0
2014-07-01,4.19,4.22,4.23,4.18,23009858.0,97091720.0
2014-07-02,4.24,4.28,4.31,4.23,37966712.0,162450384.0
2014-07-03,4.28,4.32,4.32,4.28,27142727.0,116940944.0
2014-07-04,4.32,4.3,4.32,4.28,16040954.0,69052096.0
2014-07-07,4.28,4.28,4.32,4.26,22080776.0,94635184.0
2014-07-08,4.28,4.36,4.37,4.23,34704642.0,149300816.0
2014-07-09,4.37,4.36,4.37,4.32,26337807.0,114457704.0
2014-07-10,4.33,4.32,4.41,4.29,37388455.0,162850400.0
2014-07-11,4.31,4.39,4.4,4.3,32280972.0,139938976.0
2014-07-14,4.39,4.39,4.39,4.39,0.0,0.0
2014-07-15,4.39,4.39,4.39,4.39,0.0,0.0
2014-07-16,4.62,4.68,4.74,4.47,169163846.0,777244480.0
2014-07-17,4.6,4.51,4.6,4.43,75063484.0,338317696.0
2014-07-18,4.45,4.49,4.64,4.42,77361085.0,350110208.0
2014-07-21,4.47,4.53,4.58,4.43,46545309.0,210585552.0
2014-07-22,4.52,4.59,4.63,4.51,48749446.0,223869824.0
2014-07-23,4.58,4.55,4.62,4.53,33984438.0,155350400.0
2014-07-24,4.57,4.62,4.63,4.52,50238885.0,229537712.0
2014-07-25,4.64,4.6,4.64,4.56,23170555.0,106221632.0
2014-07-28,4.6,4.59,4.64,4.52,73354815.0,335112608.0
2014-07-29,4.58,4.53,4.59,4.51,62174908.0,282344224.0
2014-07-30,4.53,4.49,4.54,4.47,48259005.0,216839984.0
2014-07-31,4.49,4.49,4.52,4.43,44034446.0,196800240.0
2014-08-01,4.48,4.53,4.55,4.47,43010837.0,194597232.0
2014-08-04,4.54,4.51,4.55,4.45,69570125.0,312135776.0
2014-08-05,4.51,4.49,4.51,4.45,39594188.0,177337520.0
2014-08-06,4.47,4.53,4.53,4.46,33821041.0,152221264.0
2014-08-07,4.52,4.51,4.56,4.51,37231570.0,168916544.0
2014-08-08,4.52,4.51,4.54,4.5,21122136.0,95391312.0
2014-08-11,4.5,4.53,4.54,4.5,34606399.0,156408160.0
2014-08-12,4.54,4.67,4.71,4.52,61781972.0,284030944.0
2014-08-13,4.67,4.68,4.69,4.6,34344391.0,159696512.0
2014-08-14,4.67,4.61,4.69,4.6,29894077.0,138949888.0
2014-08-15,4.61,4.59,4.67,4.58,28230609.0,130393784.0
2014-08-18,4.59,4.6,4.64,4.57,35193000.0,161759920.0
2014-08-19,4.6,4.59,4.61,4.55,22753029.0,104251608.0
2014-08-20,4.59,4.57,4.59,4.55,21175348.0,96748272.0
2014-08-21,4.56,4.56,4.57,4.53,27380241.0,124589944.0
2014-08-22,4.56,4.69,4.71,4.55,54708426.0,253957904.0
2014-08-25,4.69,4.83,4.84,4.69,75651550.0,362832032.0
2014-08-26,4.8,4.77,4.89,4.74,50908509.0,245156800.0
2014-08-27,4.77,4.87,4.88,4.74,39482393.0,190206672.0
2014-08-28,4.89,4.79,4.92,4.76,37833520.0,182288768.0
2014-08-29,4.79,4.83,4.86,4.77,21984919.0,106094320.0
2014-09-01,4.83,4.92,4.94,4.83,56895297.0,278557344.0
2014-09-02,4.93,5.07,5.07,4.92,76529089.0,383828864.0
2014-09-03,5.06,5.06,5.15,5.01,58130874.0,294352416.0
2014-09-04,5.05,5.16,5.18,5.02,44367069.0,227945808.0
2014-09-05,5.18,5.28,5.32,5.17,66741644.0,350719936.0
2014-09-09,5.29,5.3,5.35,5.28,50517689.0,268198544.0
2014-09-10,5.28,5.5,5.51,5.22,67334258.0,360748416.0
2014-09-11,5.53,5.34,5.58,5.32,94474420.0,512364640.0
2014-09-12,5.34,5.43,5.46,5.29,59682211.0,320585792.0
2014-09-15,5.39,5.37,5.4,5.32,46929619.0,251613424.0
2014-09-16,5.37,5.17,5.37,5.13,91166030.0,478125440.0
2014-09-17,5.18,5.22,5.27,5.14,42305041.0,220388960.0
2014-09-18,5.24,5.36,5.43,5.21,60964289.0,325787904.0
2014-09-19,5.39,5.46,5.47,5.37,54802604.0,297379328.0
2014-09-22,5.48,5.43,5.55,5.38,49826562.0,271771680.0
2014-09-23,5.43,5.4,5.43,5.36,40347579.0,217595344.0
2014-09-24,5.39,5.4,5.44,5.29,50177370.0,269289760.0
2014-09-25,5.4,5.35,5.47,5.33,51060684.0,275641216.0
2014-09-26,5.33,5.36,5.41,5.29,40561411.0,217602336.0
2014-09-29,5.37,5.64,5.66,5.37,83532013.0,463815072.0
2014-09-30,5.62,5.7,5.74,5.6,52823469.0,300031008.0
2014-10-08,5.72,5.7,5.78,5.67,53199211.0,304319456.0
2014-10-09,5.7,5.62,5.72,5.6,44492472.0,250739056.0
2014-10-10,5.66,5.48,5.7,5.43,80827529.0,449909440.0
2014-10-13,5.43,5.45,5.48,5.36,58620892.0,316966624.0
2014-10-14,5.46,5.36,5.49,5.34,47552698.0,256914304.0
2014-10-15,5.34,5.42,5.43,5.29,51087111.0,274026048.0
2014-10-16,5.38,5.31,5.43,5.3,41877685.0,224679248.0
2014-10-17,5.31,5.35,5.4,5.28,46820762.0,250157616.0
2014-10-20,5.36,5.4,5.41,5.3,38502190.0,206305008.0
2014-10-21,5.39,5.51,5.57,5.37,56654527.0,311831872.0
2014-10-22,5.51,5.43,5.55,5.41,31943238.0,174624592.0
2014-10-23,5.41,5.42,5.57,5.39,51085954.0,280442528.0
2014-10-24,5.43,5.44,5.45,5.39,23491159.0,127432328.0
2014-10-27,5.44,5.28,5.46,5.25,47741454.0,254462096.0
2014-10-28,5.33,5.43,5.43,5.31,39278224.0,211399360.0
2014-10-29,5.47,5.6,5.65,5.47,76599725.0,427590816.0
2014-10-30,5.6,6.04,6.13,5.57,155512858.0,905083776.0
2014-10-31,6.01,5.99,6.06,5.87,97741613.0,583985472.0
2014-11-03,6.03,5.98,6.14,5.91,70158502.0,423085728.0
2014-11-04,5.94,5.91,6.03,5.9,68877100.0,408898080.0
2014-11-05,5.99,5.91,6.12,5.9,55256320.0,329238048.0
2014-11-06,5.9,5.85,5.94,5.76,56666603.0,330673440.0
2014-11-07,5.84,5.83,5.98,5.79,62417920.0,367588096.0
2014-11-10,5.88,6.05,6.1,5.86,82517969.0,494347744.0
2014-11-11,6.08,5.91,6.08,5.84,86632722.0,513322368.0
2014-11-12,5.93,5.95,5.98,5.87,28516103.0,169033424.0
2014-11-13,5.99,5.94,6.01,5.87,45246408.0,268872512.0
2014-11-14,5.94,5.85,5.94,5.83,41081544.0,241122448.0
2014-11-17,6.08,5.89,6.08,5.88,77980521.0,465094624.0
2014-11-18,5.86,5.9,5.96,5.86,58294108.0,345149120.0
2014-11-19,5.9,5.9,5.92,5.86,33157830.0,195573392.0
2014-11-20,5.9,5.85,5.9,5.82,28794329.0,168604672.0
2014-11-21,5.86,5.82,5.86,5.73,74282056.0,429758592.0
2014-11-24,5.95,6.03,6.08,5.89,112656936.0,676378240.0
2014-11-25,6.02,6.05,6.12,5.94,79033987.0,475251488.0
2014-11-26,6.1,6.21,6.23,6.1,103408540.0,638841984.0
2014-11-27,6.27,6.13,6.29,6.11,90192220.0,556461888.0
2014-11-28,6.14,6.0,6.14,5.94,106461230.0,639082688.0
2014-12-01,5.99,5.99,6.06,5.92,86731445.0,518713696.0
2014-12-02,5.99,6.07,6.08,5.95,112613364.0,675751040.0
2014-12-03,6.07,6.2,6.31,6.01,158732421.0,984044864.0
2014-12-04,6.22,6.39,6.4,6.19,110873640.0,700438272.0
2014-12-05,6.4,6.41,6.63,6.22,166795239.0,1077553920.0
2014-12-08,6.42,6.91,6.96,6.41,204028828.0,1376522880.0
2014-12-09,6.9,6.75,7.51,6.58,296202003.0,2102001280.0
2014-12-10,6.73,7.2,7.28,6.71,180500502.0,1268619136.0
2014-12-11,7.21,7.38,7.72,7.19,171295484.0,1266770048.0
2014-12-12,7.4,7.27,7.51,7.15,113260423.0,823127936.0
2014-12-15,7.24,7.39,7.42,7.08,98368210.0,710636096.0
2014-12-16,7.39,7.39,7.44,7.27,104889965.0,771103104.0
2014-12-17,7.38,7.37,7.56,7.24,130483014.0,965333696.0
2014-12-18,7.37,7.43,7.53,7.28,113132247.0,839611456.0
2014-12-19,7.43,7.98,8.02,7.4,203640145.0,1573007104.0
2014-12-22,8.12,8.77,8.77,8.12,439868887.0,3798314752.0
2014-12-23,8.72,8.26,8.98,7.98,230893528.0,1952859520.0
2014-12-24,8.16,8.02,8.6,7.88,226020246.0,1860877184.0
2014-12-25,7.99,8.34,8.36,7.78,145626218.0,1170379648.0
2014-12-26,8.42,8.39,8.53,8.18,156346728.0,1302878976.0
2014-12-29,8.48,8.81,9.17,8.48,241680018.0,2135223040.0
2014-12-30,8.85,8.59,8.95,8.41,169189242.0,1456676608.0
2014-12-31,8.62,9.41,9.46,8.62,490819260.0,4539530752.0
2015-01-05,9.43,10.33,10.34,9.37,664033814.0,6638200832.0
2015-01-06,10.23,10.12,10.23,9.87,375089307.0,3754364672.0
2015-01-07,9.99,10.06,10.1,9.88,273023129.0,2721631744.0
2015-01-08,10.06,9.64,10.06,9.58,216635316.0,2115987584.0
2015-01-09,9.49,9.4,9.84,9.24,325171116.0,3082712064.0
2015-01-12,9.22,8.9,9.22,8.77,252558537.0,2262038528.0
2015-01-13,8.81,9.0,9.12,8.8,135471686.0,1218911744.0
2015-01-14,9.03,8.87,9.17,8.74,119991923.0,1073921408.0
2015-01-15,8.82,9.19,9.2,8.8,152792338.0,1375369728.0
2015-01-16,9.27,9.29,9.59,9.22,212010447.0,1991263616.0
2015-01-19,8.64,8.36,8.98,8.36,251598826.0,2161743872.0
2015-01-20,8.43,8.48,8.64,8.32,185745303.0,1577590784.0
2015-01-21,8.52,8.96,9.01,8.4,256450468.0,2243921920.0
2015-01-22,8.96,8.85,8.97,8.78,158651203.0,1405916416.0
2015-01-23,8.87,8.88,9.03,8.78,158333531.0,1407313152.0
2015-01-26,8.88,8.99,9.0,8.81,138881300.0,1238178432.0
2015-01-27,8.95,8.72,8.95,8.49,205136399.0,1788395008.0
2015-01-28,8.63,8.53,8.63,8.48,122885018.0,1051045696.0
2015-01-29,8.44,8.67,8.81,8.34,167686838.0,1446795008.0
2015-01-30,8.67,8.41,8.84,8.39,137668088.0,1181822976.0
2015-02-02,8.15,7.87,8.25,7.82,194985603.0,1565794560.0
2015-02-03,7.96,8.05,8.07,7.81,114105191.0,908149696.0
2015-02-04,8.07,7.99,8.19,7.98,93323920.0,756077056.0
2015-02-05,8.16,7.76,8.18,7.75,133369599.0,1054543936.0
2015-02-06,7.73,7.62,7.75,7.41,158463050.0,1202698496.0
2015-02-09,7.61,7.61,7.79,7.49,99650059.0,760896512.0
2015-02-10,7.61,7.87,7.87,7.56,89923277.0,694981440.0
2015-02-11,7.88,7.88,7.99,7.84,68288583.0,539688064.0
2015-02-12,7.88,7.85,7.96,7.71,70706031.0,552335168.0
2015-02-13,7.88,8.02,8.15,7.88,117123475.0,940693888.0
2015-02-16,8.03,8.01,8.07,7.97,71154584.0,569842048.0
2015-02-17,8.01,8.02,8.07,7.99,66205334.0,530978144.0
2015-02-25,8.06,8.49,8.74,8.06,217771163.0,1834356608.0
2015-02-26,8.53,8.67,8.68,8.48,146087051.0,1256432768.0
2015-02-27,8.67,8.59,8.72,8.52,112194128.0,961723776.0
2015-03-02,8.67,8.74,8.74,8.51,167858440.0,1450250880.0
2015-03-03,8.72,8.43,8.72,8.39,137626034.0,1176272768.0
2015-03-04,8.41,8.39,8.57,8.29,102186561.0,858806144.0
2015-03-05,8.31,8.1,8.34,8.02,157293507.0,1278931712.0
2015-03-06,8.12,8.1,8.23,8.01,91880996.0,744980608.0
2015-03-09,8.06,8.21,8.22,7.91,94280040.0,761240000.0
2015-03-10,8.18,8.24,8.34,8.14,89602160.0,740846592.0
2015-03-11,8.3,8.16,8.36,8.12,87519534.0,720899712.0
2015-03-12,8.21,8.3,8.3,8.08,102753142.0,842784640.0
2015-03-13,8.3,8.39,8.43,8.29,112925821.0,944506624.0
2015-03-16,8.45,8.52,8.53,8.37,144032944.0,1218868352.0
2015-03-17,8.53,8.71,8.82,8.48,231825138.0,2008422656.0
2015-03-18,8.72,8.82,8.84,8.67,213232465.0,1870971776.0
2015-03-19,8.82,8.95,9.03,8.71,255098065.0,2260296704.0
2015-03-20,9.04,9.01,9.26,8.85,242928677.0,2191827456.0
2015-03-23,9.19,9.18,9.25,9.04,277987913.0,2538416896.0
2015-03-24,9.18,8.95,9.27,8.75,279342943.0,2514671872.0
2015-03-25,8.94,8.71,8.94,8.64,207020714.0,1811586304.0
2015-03-26,8.76,8.88,9.09,8.76,217914976.0,1942531584.0
2015-03-27,8.87,8.79,8.87,8.72,139870727.0,1231543424.0
2015-03-30,8.84,9.08,9.11,8.78,259814535.0,2337232640.0
2015-03-31,9.17,8.88,9.21,8.8,236415212.0,2130872320.0
2015-04-01,8.88,8.99,9.08,8.81,194419013.0,1744567168.0
2015-04-02,9.01,8.85,9.04,8.73,288009569.0,2552108032.0
2015-04-03,8.96,8.94,9.03,8.81,290896875.0,2594480896.0
2015-04-07,8.97,9.15,9.19,8.9,447304446.0,4038272512.0
2015-04-08,9.19,9.0,9.24,8.85,377655516.0,3408702208.0
2015-04-09,9.02,9.42,9.46,8.67,709488638.0,6517054464.0
2015-04-10,9.24,9.41,9.72,9.19,573177020.0,5415788544.0
2015-04-13,9.46,9.47,9.53,9.29,398128203.0,3745885440.0
2015-04-14,9.47,9.95,10.18,9.37,583774083.0,5730402816.0
2015-04-15,9.86,9.46,9.87,9.41,391843223.0,3772107264.0
2015-04-16,9.42,9.69,9.73,9.32,318895768.0,3065017600.0
2015-04-17,9.78,9.99,10.28,9.75,577709394.0,5791852032.0
2015-04-20,9.94,10.12,10.57,9.59,704578538.0,7128687104.0
2015-04-21,10.12,10.32,10.35,9.89,449647638.0,4565070848.0
2015-04-22,10.44,10.86,11.09,10.3,635320178.0,6800612864.0
2015-04-23,10.92,10.68,11.02,10.55,453561715.0,4876460544.0
2015-04-24,10.45,10.26,10.58,10.11,400323496.0,4134991872.0
2015-04-27,10.39,10.61,10.69,10.39,423097146.0,4463083520.0
2015-04-28,10.65,10.33,10.96,10.19,483451812.0,5132388864.0
2015-04-29,10.19,10.11,10.27,9.87,297132893.0,2994501120.0
2015-04-30,10.1,10.36,10.78,10.05,389450951.0,4073250048.0
2015-05-04,10.36,11.4,11.4,10.11,724680620.0,7904975360.0
2015-05-05,11.58,10.5,12.12,10.45,730909049.0,8218127872.0
2015-05-06,10.43,10.06,10.74,9.83,415496445.0,4273699584.0
2015-05-07,9.91,9.3,10.03,9.22,323346798.0,3095404288.0
2015-05-08,9.44,9.52,9.66,9.14,249071032.0,2339754240.0
2015-05-11,9.58,9.79,9.85,9.4,298785551.0,2884704768.0
2015-05-12,9.78,10.13,10.24,9.65,384430549.0,3827452416.0
2015-05-13,9.99,9.66,10.03,9.59,309831118.0,3037294336.0
2015-05-14,9.59,9.63,9.87,9.49,231665913.0,2239476736.0
2015-05-15,9.59,9.27,9.6,9.22,242237423.0,2264954880.0
2015-05-18,9.28,9.28,9.45,9.22,194973830.0,1814065536.0
2015-05-19,9.29,9.6,9.62,9.29,240277116.0,2281862144.0
2015-05-20,9.6,9.59,9.71,9.54,270183092.0,2598237952.0
2015-05-21,9.59,9.78,9.86,9.38,310272967.0,2978279168.0
2015-05-22,9.87,10.01,10.02,9.72,349282359.0,3462039808.0
2015-05-25,10.01,10.29,10.33,9.99,375913963.0,3838092032.0
2015-05-26,10.37,10.38,10.45,10.12,413357627.0,4249913600.0
2015-05-27,10.38,10.22,10.41,10.1,345344346.0,3529368064.0
2015-05-28,10.13,9.48,10.43,9.46,458161616.0,4622223872.0
2015-05-29,9.46,9.18,9.64,8.95,322862486.0,2981635072.0
2015-06-01,9.24,9.69,9.7,9.24,267540949.0,2554468864.0
2015-06-02,9.71,9.89,9.91,9.55,286901376.0,2786501120.0
2015-06-03,9.96,9.74,10.0,9.55,252961173.0,2460650240.0
2015-06-04,9.73,9.8,9.92,9.05,244992223.0,2351664384.0
2015-06-05,9.92,10.54,10.69,9.84,658008864.0,6750626816.0
2015-06-08,10.69,10.86,11.06,10.54,624149383.0,6767482880.0
2015-06-09,10.89,10.75,10.97,10.52,411957838.0,4401303552.0
2015-06-10,10.6,10.57,10.68,10.44,294320393.0,3115490816.0
2015-06-11,10.55,10.41,10.57,10.24,282613911.0,2932670208.0
2015-06-12,10.43,10.94,11.0,10.36,484444099.0,5186148864.0
2015-06-15,11.12,10.99,11.34,10.85,514064008.0,5711942656.0
2015-06-16,10.82,10.3,10.93,10.18,314072500.0,3309496832.0
2015-06-17,10.29,11.33,11.33,10.24,524529245.0,5774337536.0
2015-06-18,11.67,11.13,12.09,11.1,854889524.0,9997384704.0
2015-06-19,10.7,11.33,11.74,10.5,604623719.0,6689983488.0
2015-06-23,11.22,12.46,12.46,11.07,959791458.0,11529823232.0
2015-06-24,12.46,12.46,12.46,12.46,0.0,0.0
2015-06-25,12.46,12.46,12.46,12.46,0.0,0.0
2015-06-26,12.46,12.46,12.46,12.46,0.0,0.0
2015-06-29,12.46,12.46,12.46,12.46,0.0,0.0
2015-06-30,12.46,12.46,12.46,12.46,0.0,0.0
2015-07-01,12.46,12.46,12.46,12.46,0.0,0.0
2015-07-02,12.46,12.46,12.46,12.46,0.0,0.0
2015-07-03,12.46,12.46,12.46,12.46,0.0,0.0
2015-07-06,12.46,12.46,12.46,12.46,0.0,0.0
2015-07-07,12.46,12.46,12.46,12.46,0.0,0.0
2015-07-08,12.46,12.46,12.46,12.46,0.0,0.0
2015-07-09,12.46,12.46,12.46,12.46,0.0,0.0
2015-07-10,12.46,12.46,12.46,12.46,0.0,0.0
2015-07-13,12.46,12.46,12.46,12.46,0.0,0.0
2015-07-14,12.46,12.46,12.46,12.46,0.0,0.0
2015-07-15,12.46,12.46,12.46,12.46,0.0,0.0
2015-07-16,12.46,12.46,12.46,12.46,0.0,0.0
2015-07-17,12.46,12.46,12.46,12.46,0.0,0.0
2015-07-20,12.46,12.46,12.46,12.46,0.0,0.0
2015-07-21,12.46,12.46,12.46,12.46,0.0,0.0
2015-07-22,12.46,12.46,12.46,12.46,0.0,0.0
2015-07-23,12.46,12.46,12.46,12.46,0.0,0.0
2015-07-24,12.46,12.46,12.46,12.46,0.0,0.0
2015-07-27,12.46,12.46,12.46,12.46,0.0,0.0
2015-07-28,12.46,12.46,12.46,12.46,0.0,0.0
2015-07-29,12.46,12.46,12.46,12.46,0.0,0.0
2015-07-30,12.46,12.46,12.46,12.46,0.0,0.0
2015-07-31,12.46,12.46,12.46,12.46,0.0,0.0
2015-08-03,12.46,12.46,12.46,12.46,0.0,0.0
2015-08-04,12.46,12.46,12.46,12.46,0.0,0.0
2015-08-05,12.46,12.46,12.46,12.46,0.0,0.0
2015-08-06,12.46,12.46,12.46,12.46,0.0,0.0
2015-08-07,12.46,12.46,12.46,12.46,0.0,0.0
2015-08-10,12.46,12.46,12.46,12.46,0.0,0.0
2015-08-11,12.46,12.46,12.46,12.46,0.0,0.0
2015-08-12,12.46,12.46,12.46,12.46,0.0,0.0
2015-08-13,12.46,12.46,12.46,12.46,0.0,0.0
2015-08-14,12.46,12.46,12.46,12.46,0.0,0.0
2015-08-17,12.46,12.46,12.46,12.46,0.0,0.0
2015-08-18,12.46,12.46,12.46,12.46,0.0,0.0
2015-08-19,12.46,12.46,12.46,12.46,0.0,0.0
2015-08-20,12.46,12.46,12.46,12.46,0.0,0.0
2015-08-21,12.46,12.46,12.46,12.46,0.0,0.0
2015-08-24,12.46,12.46,12.46,12.46,0.0,0.0
2015-08-25,12.46,12.46,12.46,12.46,0.0,0.0
2015-08-26,12.46,12.46,12.46,12.46,0.0,0.0
2015-08-27,12.46,12.46,12.46,12.46,0.0,0.0
2015-08-28,12.46,12.46,12.46,12.46,0.0,0.0
2015-08-31,12.46,12.46,12.46,12.46,0.0,0.0
2015-09-01,12.46,12.46,12.46,12.46,0.0,0.0
2015-09-02,12.46,12.46,12.46,12.46,0.0,0.0
2015-09-07,12.46,12.46,12.46,12.46,0.0,0.0
2015-09-08,12.46,12.46,12.46,12.46,0.0,0.0
2015-09-09,12.46,12.46,12.46,12.46,0.0,0.0
2015-09-10,12.46,12.46,12.46,12.46,0.0,0.0
2015-09-11,12.46,12.46,12.46,12.46,0.0,0.0
2015-09-14,12.46,12.46,12.46,12.46,0.0,0.0
2015-09-15,12.46,12.46,12.46,12.46,0.0,0.0
2015-09-16,12.46,12.46,12.46,12.46,0.0,0.0
2015-09-17,12.46,12.46,12.46,12.46,0.0,0.0
2015-09-18,11.22,11.22,11.22,11.22,4642362.0,52065592.0
2015-09-21,10.09,10.09,10.09,10.09,5024722.0,50710072.0
2015-09-22,9.09,9.09,9.09,9.09,12820211.0,116487728.0
2015-09-23,8.18,8.18,8.18,8.18,164225790.0,1343528448.0
2015-09-24,7.73,7.93,8.22,7.73,870393800.0,6891005952.0
2015-09-25,7.84,7.59,8.1,7.54,490651048.0,3820560384.0
2015-09-28,7.59,7.5,7.64,7.25,272980387.0,2033120640.0
2015-09-29,7.36,7.45,7.72,7.33,220523578.0,1663834368.0
2015-09-30,7.44,7.41,7.58,7.33,164454448.0,1220657792.0
2015-10-08,7.69,7.66,7.75,7.57,259856355.0,1990813696.0
2015-10-09,7.66,7.59,7.66,7.51,214333476.0,1624591488.0
2015-10-12,7.61,7.83,7.9,7.59,362359194.0,2811916288.0
2015-10-13,7.75,7.75,7.8,7.72,208294914.0,1614158848.0
2015-10-14,7.75,7.58,7.77,7.56,194270989.0,1489512064.0
2015-10-15,7.55,7.84,7.9,7.54,281226553.0,2187560960.0
2015-10-16,7.87,7.89,8.06,7.72,343285646.0,2711843328.0
2015-10-19,7.89,8.14,8.24,7.8,376320319.0,3006218496.0
2015-10-20,8.09,8.04,8.09,7.91,237534898.0,1901604608.0
2015-10-21,8.08,7.59,8.12,7.54,301338593.0,2362796800.0
2015-10-22,7.59,7.72,7.77,7.51,203618504.0,1556346368.0
2015-10-23,7.71,7.69,7.71,7.59,210658812.0,1612432768.0
2015-10-26,7.8,7.85,8.04,7.72,286613120.0,2253975552.0
2015-10-27,7.8,7.72,7.8,7.57,172005288.0,1320122624.0
2015-10-28,7.69,7.58,7.69,7.55,157482150.0,1200805760.0
2015-10-29,7.59,7.61,7.69,7.58,112215940.0,855504640.0
2015-10-30,7.54,7.49,7.55,7.4,163013118.0,1218429446.0
2015-11-02,7.42,7.34,7.52,7.33,119101492.0,883855552.0
2015-11-03,7.37,7.27,7.42,7.23,110227927.0,804271488.0
2015-11-04,7.28,7.56,7.59,7.28,197981882.0,1470284032.0
2015-11-05,7.56,7.73,7.92,7.49,408153163.0,3156918016.0
2015-11-06,7.71,7.8,7.82,7.64,265228777.0,2049565568.0
2015-11-09,7.84,7.94,8.06,7.84,345239740.0,2747501568.0
2015-11-10,7.88,7.83,7.98,7.8,198714276.0,1560210688.0
2015-11-11,7.85,7.79,7.88,7.72,152126411.0,1185497216.0
2015-11-12,7.8,7.69,7.81,7.65,164548571.0,1268055808.0
2015-11-13,7.69,7.71,7.95,7.65,245355263.0,1914027392.0
2015-11-16,7.59,7.66,7.67,7.54,129218365.0,982435712.0
2015-11-17,7.7,7.66,7.84,7.64,187586866.0,1450755072.0
2015-11-18,7.71,7.59,7.74,7.56,119749058.0,915240576.0
2015-11-19,7.6,7.62,7.63,7.51,138146245.0,1044967872.0
2015-11-20,7.61,7.63,7.69,7.54,153027086.0,1163495936.0
2015-11-23,7.59,7.55,7.65,7.54,130973770.0,992902272.0
2015-11-24,7.54,7.54,7.58,7.47,102365882.0,768663680.0
2015-11-25,7.52,7.54,7.57,7.47,106313459.0,798661696.0
2015-11-26,7.57,7.5,7.59,7.49,104480813.0,787406208.0
2015-11-27,7.49,7.22,7.5,7.17,186018391.0,1366472064.0
2015-11-30,7.25,7.32,7.37,7.09,132501291.0,960340928.0
2015-12-01,7.33,7.41,7.41,7.26,108957580.0,799243709.0
2015-12-02,7.39,7.7,7.74,7.32,301930364.0,2299385600.0
2015-12-03,7.72,7.7,7.8,7.64,185405502.0,1426904181.0
2015-12-04,7.69,7.53,7.69,7.51,121713593.0,924886656.0
2015-12-07,7.53,7.43,7.55,7.39,108171806.0,807538623.0
2015-12-08,7.44,7.27,7.44,7.25,113149285.0,826982336.0
2015-12-09,7.27,7.28,7.33,7.25,57942735.0,422110669.0
2015-12-10,7.27,7.2,7.27,7.18,84460072.0,610135616.0
2015-12-11,7.21,7.12,7.22,7.09,90287518.0,644011200.0
2015-12-14,7.08,7.3,7.36,7.06,105201239.0,756902464.0
2015-12-15,7.27,7.19,7.3,7.16,82387889.0,595035136.0
2015-12-16,7.18,7.15,7.22,7.13,70083641.0,502343520.0
2015-12-17,7.19,7.28,7.34,7.18,127310388.0,923480320.0
2015-12-18,7.28,7.28,7.33,7.23,83127890.0,605374144.0
2015-12-21,7.27,7.45,7.58,7.24,202385122.0,1506060544.0
2015-12-22,7.44,7.38,7.45,7.33,106193996.0,783522150.0
2015-12-23,7.38,7.4,7.54,7.38,125432446.0,934394368.0
2015-12-24,7.42,7.34,7.53,7.29,110126969.0,814488128.0
2015-12-25,7.32,7.31,7.38,7.28,64051964.0,468811216.0
2015-12-28,7.34,7.16,7.37,7.13,105335485.0,762963461.0
2015-12-29,7.04,7.11,7.12,6.98,115006056.0,811841545.0
2015-12-30,7.12,7.02,7.12,6.99,108620327.0,763130770.0
2015-12-31,7.03,7.0,7.05,6.97,78412111.0,550255997.0
2016-01-04,6.99,6.53,7.02,6.45,99939833.0,679496967.0
2016-01-05,6.4,6.5,6.66,6.37,125277462.0,816272136.0
2016-01-06,6.52,6.65,6.65,6.52,92272996.0,608804797.0
2016-01-07,6.57,6.24,6.61,6.17,28591095.0,183902187.0
2016-01-08,6.42,6.33,6.48,6.15,147218352.0,937712316.0
2016-01-11,6.22,5.93,6.33,5.88,140222866.0,858586780.0
2016-01-12,5.98,5.98,6.02,5.9,93919385.0,560355030.0
2016-01-13,6.02,5.88,6.08,5.87,82355805.0,492839410.0
2016-01-14,5.77,5.96,5.98,5.73,69681495.0,409360737.0
2016-01-15,5.93,5.88,6.14,5.85,92692483.0,555474551.0
2016-01-18,5.83,5.83,5.93,5.74,101972525.0,594789010.0
2016-01-19,5.83,5.99,6.03,5.81,102000890.0,604589961.0
2016-01-20,5.95,5.98,6.11,5.85,133181783.0,798016653.0
2016-01-21,5.88,5.79,5.98,5.78,80285450.0,471829109.0
2016-01-22,5.83,5.8,5.86,5.71,56254440.0,325942683.0
2016-01-25,5.86,5.81,5.88,5.77,37998964.0,221052829.0
2016-01-26,5.77,5.34,5.78,5.31,123606442.0,687835585.0
2016-01-27,5.36,5.22,5.45,5.1,139307477.0,732199256.0
2016-01-28,5.22,5.01,5.25,4.97,84519565.0,433659017.0
2016-01-29,5.03,5.19,5.22,5.03,107663840.0,551730350.0
2016-02-01,5.17,5.16,5.26,5.08,58117023.0,301608519.0
2016-02-02,5.15,5.23,5.26,5.14,64697728.0,337627964.0
2016-02-03,5.17,5.16,5.2,5.09,45951567.0,236158153.0
2016-02-04,5.2,5.21,5.26,5.17,50170459.0,261510369.0
2016-02-05,5.24,5.15,5.24,5.14,35119309.0,182099786.0
2016-02-15,5.02,5.07,5.1,5.0,45949113.0,232002589.0
2016-02-16,5.1,5.26,5.26,5.1,67229003.0,350119576.0
2016-02-17,5.25,5.3,5.31,5.23,70038770.0,369147235.0
2016-02-18,5.32,5.36,5.47,5.31,117754152.0,634348274.0
2016-02-19,5.35,5.3,5.38,5.26,63664516.0,338051401.0
2016-02-22,5.39,5.43,5.47,5.32,76886806.0,416227575.0
2016-02-23,5.46,5.43,5.58,5.36,104641701.0,572991238.0
2016-02-24,5.41,5.73,5.82,5.4,210549636.0,1191282089.0
2016-02-25,5.67,5.28,5.71,5.24,142142570.0,780915232.0
2016-02-26,5.34,5.35,5.41,5.2,95183652.0,505962118.0
2016-02-29,5.35,5.15,5.35,5.03,87803355.0,449656777.0
2016-03-01,5.17,5.23,5.24,5.09,56705373.0,293075022.0
2016-03-02,5.23,5.48,5.49,5.21,107201873.0,576650773.0
2016-03-03,5.46,5.47,5.51,5.41,90484283.0,494361255.0
2016-03-04,5.47,5.52,5.57,5.41,111389354.0,611554394.0
2016-03-07,5.53,5.54,5.65,5.47,71075165.0,395037961.0
2016-03-08,5.53,5.51,5.53,5.31,67621842.0,365948268.0
2016-03-09,5.41,5.4,5.41,5.32,58370572.0,313343417.0
2016-03-10,5.37,5.29,5.43,5.27,35985529.0,192512826.0
2016-03-11,5.25,5.29,5.33,5.25,29862897.0,157919220.0
2016-03-14,5.33,5.39,5.44,5.33,57581881.0,310848990.0
2016-03-15,5.37,5.42,5.44,5.34,51206172.0,275939936.0
2016-03-16,5.41,5.5,5.52,5.41,97722580.0,535086650.0
2016-03-17,5.5,5.56,5.57,5.48,110264090.0,609785551.0
2016-03-18,5.6,5.62,5.74,5.57,145946695.0,826002694.0
2016-03-21,5.63,5.76,5.78,5.63,125220401.0,716267694.0
2016-03-22,5.71,5.78,5.91,5.69,91639795.0,532799207.0
2016-03-23,5.82,5.73,5.83,5.69,70973518.0,407567008.0
2016-03-24,5.72,5.58,5.72,5.58,56783654.0,320336690.0
2016-03-25,5.59,5.65,5.67,5.59,48017323.0,270021161.0
2016-03-28,5.67,5.58,5.73,5.57,53887525.0,305594150.0
2016-03-29,5.62,5.6,5.7,5.57,66917088.0,376609715.0
2016-03-30,5.63,5.78,5.81,5.63,73638692.0,421865965.0
2016-03-31,5.78,5.78,5.88,5.76,71143841.0,414655786.0
2016-04-01,5.78,5.76,5.8,5.64,55525325.0,317723545.0
2016-04-05,5.76,5.83,5.88,5.72,81788022.0,475350941.0
2016-04-06,5.81,5.78,5.83,5.76,41166700.0,238456470.0
2016-04-07,5.8,5.7,5.82,5.67,55403449.0,316950787.0
2016-04-08,5.71,5.6,5.71,5.56,66410111.0,372991862.0
2016-04-11,5.62,5.65,5.72,5.62,58760283.0,333331130.0
2016-04-12,5.67,5.64,5.71,5.62,44360304.0,250856262.0
2016-04-13,5.68,5.74,5.81,5.68,88002219.0,506449107.0
2016-04-14,5.78,5.76,5.8,5.73,51070793.0,293696719.0
2016-04-15,5.76,5.73,5.79,5.71,37766454.0,216700496.0
2016-04-18,5.68,5.57,5.7,5.55,87055735.0,487804667.0
2016-04-19,5.6,5.56,5.61,5.52,51747557.0,287525499.0
2016-04-20,5.54,5.41,5.58,5.28,99680373.0,537922900.0
2016-04-21,5.36,5.33,5.41,5.32,41484415.0,222766789.0
2016-04-22,5.33,5.36,5.41,5.32,30400353.0,162906284.0
2016-04-25,5.36,5.36,5.37,5.3,35018646.0,186422645.0
2016-04-26,5.33,5.36,5.36,5.32,23937530.0,127949174.0
2016-04-27,5.36,5.36,5.41,5.33,27109502.0,145637593.0
2016-04-28,5.36,5.4,5.41,5.34,38898603.0,208780245.0
2016-04-29,5.38,5.48,5.53,5.37,50113143.0,273305104.0
2016-05-03,5.51,5.54,5.58,5.48,44050396.0,244001225.0
2016-05-04,5.52,5.52,5.55,5.5,30560502.0,168591603.0
2016-05-05,5.52,5.51,5.52,5.46,22003879.0,120751873.0
2016-05-06,5.51,5.41,5.59,5.41,55080465.0,303495166.0
2016-05-09,5.4,5.3,5.46,5.29,51709397.0,276147698.0
2016-05-10,5.3,5.35,5.38,5.27,36826834.0,196131810.0
2016-05-11,5.37,5.52,5.57,5.35,75404728.0,412332745.0
2016-05-12,5.47,5.67,5.81,5.41,182840764.0,1039977513.0
2016-05-13,5.61,5.57,5.67,5.55,65883069.0,369327574.0
2016-05-16,5.55,5.53,5.58,5.47,51805288.0,286049585.0
2016-05-17,5.55,5.46,5.57,5.43,53111703.0,291199043.0
2016-05-18,5.43,5.41,5.48,5.36,51424855.0,278736470.0
2016-05-19,5.4,5.41,5.48,5.4,24778668.0,135040825.0
2016-05-20,5.41,5.46,5.47,5.38,22787775.0,123954613.0
2016-05-23,5.47,5.47,5.48,5.44,20994393.0,114682736.0
2016-05-24,5.47,5.41,5.47,5.39,22418580.0,121591018.0
2016-05-25,5.45,5.41,5.45,5.41,16521757.0,89727968.0
2016-05-26,5.41,5.41,5.45,5.36,34116005.0,183966202.0
2016-05-27,5.41,5.4,5.42,5.38,15702024.0,84786609.0
2016-05-30,5.4,5.4,5.44,5.36,18068291.0,97776309.0
2016-05-31,5.41,5.57,5.57,5.4,60090442.0,331117121.0
2016-06-01,5.55,5.55,5.57,5.5,45128695.0,249672775.0
2016-06-02,5.53,5.52,5.55,5.5,27435771.0,151391579.0
2016-06-03,5.52,5.62,5.65,5.52,59695889.0,333980134.0
2016-06-06,5.64,5.6,5.67,5.58,30513620.0,171499399.0
2016-06-07,5.6,5.59,5.62,5.57,20983757.0,117291006.0
2016-06-08,5.59,5.61,5.63,5.57,21998250.0,123291201.0
2016-06-13,5.57,5.51,5.59,5.49,50245646.0,278648905.0
2016-06-14,5.49,5.47,5.53,5.46,23160727.0,127378861.0
2016-06-15,5.46,5.52,5.53,5.45,25540598.0,140462500.0
2016-06-16,5.52,5.45,5.52,5.44,27421694.0,150371314.0
2016-06-17,5.47,5.49,5.52,5.45,28032769.0,153773345.0
2016-06-20,5.48,5.51,5.53,5.47,25205932.0,138818615.0
2016-06-21,5.52,5.51,5.55,5.49,28938039.0,159577298.0
2016-06-22,5.5,5.6,5.6,5.49,38551240.0,214507489.0
2016-06-23,5.57,5.54,5.6,5.53,21400410.0,119038444.0
2016-06-24,5.55,5.45,5.57,5.38,48185078.0,263037425.0
2016-06-27,5.45,5.48,5.49,5.45,30849317.0,168905497.0
2016-06-28,5.47,5.47,5.47,5.42,42532224.0,231756086.0
2016-06-29,5.49,5.52,5.53,5.47,49824891.0,274077281.0
2016-06-30,5.53,5.53,5.55,5.5,31401794.0,173490551.0
2016-07-01,5.53,5.54,5.55,5.5,36633366.0,202418782.0
2016-07-04,5.52,5.65,5.66,5.52,82443431.0,463348729.0
2016-07-05,5.67,5.64,5.68,5.63,53803015.0,303967940.0
2016-07-06,5.63,5.71,5.77,5.62,55843998.0,318292708.0
2016-07-07,5.68,5.68,5.72,5.66,37576557.0,213596301.0
2016-07-08,5.68,5.67,5.69,5.63,37994634.0,214948655.0
2016-07-11,5.68,5.64,5.69,5.61,57118751.0,322280740.0
2016-07-12,5.65,5.83,5.84,5.64,108816601.0,624606881.0
2016-07-13,5.88,5.84,6.08,5.83,148068523.0,876924798.0
2016-07-14,5.81,5.78,5.83,5.74,70641772.0,408195161.0
2016-07-15,5.8,5.8,5.85,5.77,64488135.0,374589085.0
2016-07-18,5.79,5.86,5.9,5.79,67689411.0,395688604.0
2016-07-19,5.87,5.85,5.95,5.82,75804648.0,445145171.0
2016-07-20,5.82,5.82,5.87,5.8,31962572.0,186645040.0
2016-07-21,5.82,5.87,5.9,5.8,49745880.0,291701747.0
2016-07-22,5.86,5.79,5.87,5.78,35208827.0,205042021.0
2016-07-25,5.79,5.78,5.82,5.75,28409554.0,164198289.0
2016-07-26,5.77,5.89,5.89,5.77,60561476.0,354230977.0
2016-07-27,5.89,5.98,6.1,5.85,213750410.0,1278364741.0
2016-07-28,5.93,6.19,6.28,5.93,188674111.0,1162416059.0
2016-07-29,6.17,6.18,6.31,6.12,116421762.0,721151399.0
2016-08-01,6.17,6.27,6.3,6.08,117217241.0,727406380.0
2016-08-02,6.25,6.24,6.31,6.18,90226882.0,563836542.0
2016-08-03,6.19,6.14,6.25,6.14,112276151.0,694737483.0
2016-08-04,6.14,6.16,6.17,6.06,77945414.0,475939337.0
2016-08-05,6.13,6.1,6.17,6.1,36128204.0,221285367.0
2016-08-08,6.1,6.2,6.23,6.07,50086731.0,308520878.0
2016-08-09,6.22,6.22,6.24,6.17,49658632.0,308821551.0
2016-08-10,6.22,6.17,6.29,6.16,47806831.0,297220615.0
2016-08-11,6.15,6.13,6.19,6.11,47829866.0,294236426.0
2016-08-12,6.15,6.34,6.35,6.12,113739593.0,711410744.0
2016-08-15,6.42,6.58,6.63,6.4,211914702.0,1379948755.0
2016-08-16,6.69,6.52,6.69,6.45,175471933.0,1148443293.0
2016-08-17,6.53,6.54,6.58,6.47,71583044.0,466285297.0
2016-08-18,6.52,6.4,6.56,6.4,65905967.0,425927809.0
2016-08-19,6.43,6.42,6.44,6.35,42247782.0,269667060.0
2016-08-22,6.42,6.3,6.43,6.29,54816088.0,347845442.0
2016-08-23,6.3,6.24,6.33,6.23,65552234.0,411706774.0
2016-08-24,6.25,6.26,6.3,6.24,30187400.0,189166889.0
2016-08-25,6.24,6.17,6.24,6.14,59532755.0,367762032.0
2016-08-26,6.18,6.17,6.21,6.16,35025278.0,216659022.0
2016-08-29,6.17,6.16,6.18,6.12,37154971.0,228597611.0
2016-08-30,6.16,6.19,6.21,6.15,28150647.0,173933849.0
2016-08-31,6.05,6.07,6.1,6.01,126684579.0,765098328.0
2016-09-01,6.06,5.96,6.07,5.95,79285891.0,476137706.0
2016-09-02,5.95,5.92,5.98,5.91,58942959.0,349842219.0
2016-09-05,5.93,5.96,5.99,5.93,54246564.0,323157633.0
2016-09-06,5.96,6.04,6.04,5.95,47467514.0,285051749.0
2016-09-07,6.04,6.01,6.06,5.99,28971324.0,174560502.0
2016-09-08,6.0,6.01,6.05,6.0,18215592.0,109593599.0
2016-09-09,6.01,5.93,6.02,5.92,33287204.0,198572189.0
2016-09-12,5.87,5.93,5.95,5.81,58269552.0,341576720.0
2016-09-13,5.91,5.91,5.91,5.85,21910731.0,128928179.0
2016-09-14,5.87,5.82,5.89,5.78,32360627.0,188884648.0
2016-09-19,5.83,5.88,5.89,5.83,22228206.0,130617562.0
2016-09-20,5.88,5.89,5.9,5.87,14702066.0,86575791.0
2016-09-21,5.88,5.87,5.9,5.85,18506997.0,108758521.0
2016-09-22,5.89,5.89,5.94,5.89,23469111.0,138547411.0
2016-09-23,5.89,5.85,5.92,5.83,37422619.0,219958410.0
2016-09-26,5.85,5.75,5.85,5.72,34510581.0,199834851.0
2016-09-27,5.76,5.74,5.78,5.71,34750568.0,199560616.0
2016-09-28,5.75,5.77,5.78,5.71,29612344.0,170104459.0
2016-09-29,5.78,5.75,5.79,5.74,29005652.0,167151554.0
2016-09-30,5.75,5.72,5.75,5.71,34506409.0,197629188.0
2016-10-10,5.74,5.8,5.82,5.72,39658642.0,228771176.0
2016-10-11,5.8,5.83,5.84,5.77,32380800.0,188440636.0
2016-10-12,5.82,5.82,5.83,5.78,15470421.0,89930992.0
2016-10-13,5.83,5.87,5.89,5.8,32312264.0,188746650.0
2016-10-14,5.86,5.82,5.86,5.78,26339221.0,153266498.0
2016-10-17,5.82,5.74,5.83,5.72,27145482.0,156845323.0
2016-10-18,5.74,5.82,5.82,5.74,38211763.0,220575393.0
2016-10-19,5.81,5.83,5.89,5.81,49268269.0,288189784.0
2016-10-20,5.82,5.85,5.86,5.79,33656294.0,196108221.0
2016-10-21,5.84,5.88,5.9,5.82,44534084.0,260754430.0
2016-10-24,5.88,5.92,5.97,5.84,67702654.0,400447203.0
2016-10-25,5.91,5.95,5.98,5.9,54028826.0,321577133.0
2016-10-26,5.94,5.88,5.95,5.86,34895018.0,205715480.0
2016-10-27,5.87,5.87,5.9,5.84,33371772.0,195727737.0
2016-10-28,5.87,5.82,5.89,5.82,39642667.0,232208912.0
2016-10-31,5.82,5.74,5.83,5.7,65437888.0,375975560.0
2016-11-01,5.75,5.75,5.76,5.71,68781886.0,394188158.0
2016-11-02,5.74,5.68,5.75,5.68,54483873.0,311409072.0
2016-11-03,5.68,5.75,5.77,5.66,73519408.0,420845548.0
2016-11-04,5.75,5.69,5.75,5.69,46807279.0,267773700.0
2016-11-07,5.7,5.71,5.74,5.68,42198786.0,240944698.0
2016-11-08,5.73,5.74,5.75,5.71,48935425.0,280441721.0
2016-11-09,5.75,5.67,5.75,5.64,53753845.0,305786927.0
2016-11-10,5.7,5.73,5.75,5.7,53479595.0,306249356.0
2016-11-11,5.73,5.82,5.82,5.71,77163353.0,445116447.0
2016-11-14,5.81,5.85,5.89,5.81,68306685.0,399331217.0
2016-11-15,5.85,5.83,5.86,5.81,34110492.0,198745852.0
2016-11-16,5.83,5.83,5.85,5.81,33178340.0,193520835.0
2016-11-17,5.83,5.86,5.87,5.82,40964699.0,239609490.0
2016-11-18,5.87,5.83,5.92,5.82,43733844.0,256676182.0
2016-11-21,5.83,5.99,6.08,5.82,130246645.0,777790388.0
2016-11-22,5.97,5.96,5.99,5.92,66903591.0,398693229.0
2016-11-23,5.98,5.96,6.02,5.94,56936854.0,340911550.0
2016-11-24,5.95,5.96,6.03,5.91,69796102.0,416946640.0
2016-11-25,5.91,6.0,6.01,5.89,65591085.0,389934309.0
2016-11-28,6.03,6.0,6.06,5.96,71333107.0,428773453.0
2016-11-29,6.0,6.13,6.25,6.0,155591909.0,952574076.0
2016-11-30,6.12,6.1,6.23,6.08,85850734.0,526664516.0
2016-12-01,6.1,6.2,6.23,6.08,75182314.0,463502282.0
2016-12-02,6.2,6.15,6.41,6.14,135232709.0,846371989.0
2016-12-05,6.06,5.99,6.12,5.97,91542258.0,552514704.0
2016-12-06,6.02,5.99,6.03,5.95,49024750.0,293443057.0
2016-12-07,5.99,6.03,6.03,5.96,34300435.0,205661598.0
2016-12-08,6.03,5.98,6.03,5.96,58294864.0,349133831.0
2016-12-09,5.98,6.02,6.05,5.95,53230876.0,319618306.0
2016-12-12,6.02,5.89,6.03,5.89,89692707.0,533562676.0
2016-12-13,5.89,5.9,5.94,5.84,41373186.0,243607038.0
2016-12-14,5.89,5.92,5.96,5.88,35148072.0,207736071.0
2016-12-15,5.89,5.82,5.93,5.8,65402159.0,383272335.0
2016-12-16,5.82,5.82,5.87,5.81,40014153.0,233504842.0
2016-12-19,5.82,5.81,5.86,5.78,47160176.0,274730021.0
2016-12-20,5.82,5.82,5.82,5.75,44964237.0,260243145.0
2016-12-21,5.83,5.91,5.92,5.82,50429177.0,296401659.0
2016-12-22,5.89,5.94,5.97,5.88,40461345.0,239901018.0
2016-12-23,5.92,5.85,5.92,5.82,44160279.0,258816827.0
2016-12-26,5.83,5.82,5.83,5.74,49011366.0,283094451.0
2016-12-27,5.82,5.83,5.87,5.81,26439743.0,154296297.0
2016-12-28,5.82,5.81,5.83,5.78,30731987.0,178259034.0
2016-12-29,5.8,5.78,5.81,5.76,34101917.0,197207272.0
2016-12-30,5.8,5.83,5.84,5.79,25237438.0,146847778.0
2017-01-03,5.84,5.86,5.87,5.82,52376775.0,305782605.0
2017-01-04,5.84,5.89,5.91,5.83,46307894.0,271929065.0
2017-01-05,5.89,5.9,5.91,5.84,48844533.0,286786853.0
2017-01-06,5.89,5.91,5.97,5.88,43906183.0,260481009.0
2017-01-09,5.9,5.93,5.95,5.89,30672354.0,181568098.0
2017-01-10,5.93,5.9,5.98,5.89,35239024.0,209283315.0
2017-01-11,5.9,5.88,5.96,5.86,33468844.0,197396906.0
2017-01-12,5.86,5.93,6.07,5.83,77956197.0,463601243.0
2017-01-13,5.93,5.95,5.97,5.85,72258946.0,427909880.0
2017-01-16,5.91,6.0,6.05,5.86,131197091.0,781206175.0
2017-01-17,5.97,5.98,5.99,5.92,49836284.0,296975288.0
2017-01-18,5.98,6.0,6.05,5.95,50415488.0,302927474.0
2017-01-19,5.99,5.98,6.02,5.95,30303811.0,181151389.0
2017-01-20,5.97,6.02,6.03,5.96,45637543.0,273678504.0
2017-01-23,6.02,6.02,6.04,6.0,28927746.0,174106509.0
2017-01-24,6.02,6.03,6.08,6.0,36411534.0,219908127.0
2017-01-25,6.01,6.03,6.05,5.99,19048002.0,114771253.0
2017-01-26,6.04,6.02,6.04,5.99,22538918.0,135649909.0
2017-02-03,6.02,5.95,6.02,5.94,23076865.0,137697143.0
2017-02-06,5.95,6.0,6.0,5.95,26318679.0,157342729.0
2017-02-07,5.99,6.03,6.03,5.98,38643133.0,232424030.0
2017-02-08,6.02,6.09,6.1,6.01,71859922.0,436268449.0
2017-02-09,6.09,6.03,6.11,6.02,81783020.0,494649236.0
2017-02-10,6.04,6.06,6.1,6.03,61650510.0,373614736.0
2017-02-13,6.06,6.1,6.16,6.04,64285438.0,391882457.0
2017-02-14,6.09,6.1,6.11,6.07,43126336.0,262741917.0
2017-02-15,6.1,6.17,6.28,6.09,116415295.0,722015920.0
2017-02-16,6.15,6.23,6.24,6.14,51384673.0,318469961.0
2017-02-17,6.23,6.18,6.24,6.16,37139738.0,229510882.0
2017-02-20,6.17,6.23,6.23,6.17,49700196.0,308148496.0
2017-02-21,6.23,6.24,6.26,6.23,49850028.0,311042930.0
2017-02-22,6.24,6.24,6.26,6.21,40449620.0,252018213.0
2017-02-23,6.23,6.23,6.24,6.2,42777592.0,266088888.0
2017-02-24,6.23,6.23,6.25,6.2,26504223.0,164745344.0
2017-02-27,6.22,6.14,6.23,6.13,44782567.0,276612940.0
2017-02-28,6.13,6.15,6.17,6.13,26853484.0,165055886.0
2017-03-01,6.16,6.17,6.17,6.13,22621620.0,139255049.0
2017-03-02,6.16,6.12,6.19,6.11,27217998.0,167493234.0
2017-03-03,6.11,6.12,6.12,6.07,38777259.0,236198343.0
2017-03-06,6.11,6.13,6.13,6.03,35390633.0,216128060.0
2017-03-07,6.12,6.15,6.17,6.1,38233797.0,234680941.0
2017-03-08,6.14,6.16,6.16,6.13,19873721.0,122105920.0
2017-03-09,6.14,6.16,6.17,6.09,35634188.0,218298238.0
2017-03-10,6.15,6.11,6.16,6.11,21080277.0,129278161.0
2017-03-13,6.12,6.15,6.15,6.09,25966406.0,158871400.0
2017-03-14,6.14,6.21,6.22,6.13,41556538.0,256988089.0
2017-03-15,6.45,6.51,6.62,6.45,213567143.0,1394721170.0
2017-03-16,6.47,6.42,6.51,6.38,87025102.0,560750371.0
2017-03-17,6.43,6.52,6.67,6.4,118964517.0,779738272.0
2017-03-20,6.55,6.8,6.81,6.55,126865431.0,851302155.0
2017-03-21,6.82,6.78,6.86,6.7,65382964.0,442382647.0
2017-03-22,6.74,6.73,6.75,6.66,48055982.0,322396854.0
2017-03-23,6.71,6.58,6.72,6.51,63514744.0,419906344.0
2017-03-24,6.59,6.66,6.69,6.55,41453556.0,274401730.0
2017-03-27,6.66,6.52,6.68,6.51,36930123.0,243268625.0
2017-03-28,6.55,6.55,6.64,6.5,41127489.0,269908109.0
2017-03-29,6.55,6.51,6.56,6.45,44015536.0,286469731.0
2017-03-30,6.48,6.52,6.67,6.45,61538976.0,403118223.0
2017-03-31,6.54,6.59,6.72,6.5,53467138.0,353739176.0
2017-04-05,6.6,6.59,6.62,6.52,54834735.0,359906485.0
2017-04-06,6.56,6.6,6.66,6.56,48840978.0,323063312.0
2017-04-07,6.59,6.82,6.92,6.59,98105148.0,661556950.0
2017-04-10,6.82,6.8,6.99,6.77,78395245.0,540530033.0
2017-04-11,6.8,6.73,6.86,6.62,69645429.0,467748224.0
2017-04-12,6.71,6.78,6.85,6.66,57977440.0,392670480.0
2017-04-13,6.73,6.87,6.89,6.72,45210679.0,309039345.0
2017-04-14,6.87,6.76,6.92,6.68,42976657.0,291027972.0
2017-04-17,6.66,6.56,6.66,6.52,62254004.0,409138503.0
2017-04-18,6.56,6.42,6.6,6.41,46021508.0,299323695.0
2017-04-19,6.41,6.43,6.47,6.38,40001467.0,256981776.0
2017-04-20,6.43,6.46,6.52,6.42,30484086.0,197216948.0
2017-04-21,6.46,6.56,6.59,6.46,31964846.0,209083009.0
2017-04-24,6.54,6.63,6.64,6.42,56020930.0,365310677.0
2017-04-25,6.57,6.6,6.67,6.52,39042933.0,257856563.0
2017-04-26,6.63,6.6,6.64,6.53,40495066.0,267018287.0
2017-04-27,6.6,6.54,6.61,6.45,33838728.0,220501299.0
2017-04-28,6.52,6.55,6.56,6.5,21247630.0,138592589.0
2017-05-02,6.48,6.45,6.53,6.43,29984188.0,194130694.0
2017-05-03,6.42,6.45,6.52,6.41,24583625.0,158582478.0
2017-05-04,6.44,6.45,6.51,6.42,20556520.0,133062220.0
2017-05-05,6.45,6.48,6.52,6.42,30755371.0,199080251.0
2017-05-08,6.43,6.56,6.58,6.3,67881404.0,438668062.0
2017-05-09,6.52,6.59,6.68,6.52,54225313.0,357834722.0
2017-05-10,6.59,6.55,6.59,6.48,28703530.0,187498858.0
2017-05-11,6.52,6.63,6.65,6.5,56237165.0,370353659.0
2017-05-12,6.62,6.61,6.65,6.54,25128114.0,165936820.0
2017-05-15,6.61,6.6,6.63,6.56,26253012.0,173143695.0
2017-05-16,6.6,6.66,6.68,6.54,29101071.0,192866742.0
2017-05-17,6.66,6.61,6.8,6.61,47245095.0,316817167.0
2017-05-18,6.58,6.59,6.63,6.53,33699885.0,221403641.0
2017-05-19,6.56,6.59,6.61,6.53,20294483.0,133495453.0
2017-05-22,6.58,6.64,6.66,6.48,39152776.0,256510788.0
2017-05-23,6.62,6.73,6.74,6.59,65235566.0,436165488.0
2017-05-24,6.73,6.76,6.77,6.66,28326492.0,189940860.0
2017-05-25,6.73,6.72,6.79,6.7,34100261.0,230023304.0
2017-05-26,6.71,6.73,6.79,6.66,35279174.0,237586846.0
2017-05-31,6.79,6.82,6.84,6.7,41879157.0,283614878.0
2017-06-01,6.81,6.92,6.94,6.78,47880650.0,330090742.0
2017-06-02,6.89,6.91,7.01,6.87,41968318.0,291019458.0
2017-06-05,6.94,6.91,7.03,6.86,36969710.0,256539194.0
2017-06-06,6.87,6.94,6.96,6.83,28142752.0,193695983.0
2017-06-07,6.91,6.9,6.96,6.87,31510322.0,218014635.0
2017-06-08,6.92,6.93,6.95,6.86,24005697.0,165964048.0
2017-06-09,6.91,7.01,7.06,6.91,46840082.0,327551314.0
2017-06-12,7.01,7.08,7.16,6.98,59630307.0,422555283.0
2017-06-13,7.08,7.08,7.1,7.02,25129447.0,177347235.0
2017-06-14,7.06,6.93,7.06,6.87,45900213.0,318949355.0
2017-06-15,6.88,6.86,6.98,6.84,30279799.0,208416239.0
2017-06-16,6.86,6.81,6.87,6.78,26499480.0,180406302.0
2017-06-19,6.8,6.86,6.87,6.8,17058305.0,116719407.0
2017-06-20,6.85,6.82,6.9,6.82,13924201.0,95431979.0
2017-06-21,6.85,6.89,6.9,6.82,20803423.0,142653473.0
2017-06-22,6.97,6.94,7.13,6.92,66323719.0,465907767.0
2017-06-23,6.94,7.01,7.01,6.9,27950808.0,194248148.0
2017-06-26,7.0,6.95,7.05,6.94,55271506.0,386107260.0
2017-06-27,6.97,6.96,6.98,6.89,37788404.0,262153104.0
2017-06-28,6.95,6.88,6.98,6.88,30422673.0,210413095.0
2017-06-29,6.85,6.86,6.9,6.81,38285190.0,261936863.0
2017-06-30,6.85,6.91,6.92,6.81,24597181.0,168956027.0
2017-07-03,6.91,6.91,6.94,6.88,19434052.0,134260875.0
2017-07-04,6.91,6.94,6.94,6.83,30495612.0,210206947.0
2017-07-05,6.94,6.95,7.01,6.94,31691018.0,220714127.0
2017-07-06,6.99,7.06,7.08,6.97,39489374.0,277314508.0
2017-07-07,7.05,7.07,7.1,7.01,35375989.0,249873274.0
2017-07-10,7.04,6.97,7.08,6.94,37948092.0,265891966.0
2017-07-11,6.96,6.98,7.03,6.95,41138246.0,287319012.0
2017-07-12,6.97,6.98,7.01,6.93,29274613.0,203869140.0
2017-07-13,6.96,6.99,7.02,6.94,26041710.0,181936440.0
2017-07-14,6.98,7.08,7.08,6.95,34688802.0,243365601.0
2017-07-17,7.09,7.01,7.11,6.9,67541344.0,472496510.0
2017-07-18,6.99,6.96,7.01,6.9,31663413.0,220246892.0
2017-07-19,6.95,6.99,7.01,6.92,57874995.0,403134784.0
2017-07-20,6.99,7.26,7.34,6.95,99399837.0,712572367.0
2017-07-21,7.26,7.21,7.29,7.18,50461935.0,364929050.0
2017-07-24,7.21,7.28,7.38,7.2,59481198.0,433706197.0
2017-07-25,7.26,7.19,7.27,7.15,36578370.0,263500161.0
2017-07-26,7.19,7.22,7.23,7.12,37263229.0,267662538.0
2017-07-27,7.22,7.22,7.24,7.15,28521787.0,205303179.0
2017-07-28,7.21,7.28,7.33,7.16,34566501.0,250810861.0
2017-07-31,7.27,7.21,7.28,7.18,37896167.0,273775348.0
2017-08-01,7.21,7.2,7.22,7.15,33596582.0,241586348.0
2017-08-02,7.19,7.08,7.23,7.06,47606255.0,339412249.0
2017-08-03,7.08,7.06,7.11,7.05,26680768.0,188776604.0
2017-08-04,7.06,7.0,7.07,6.97,45969904.0,321859240.0
2017-08-07,6.97,6.87,6.99,6.84,51317067.0,354177768.0
2017-08-08,6.88,6.86,6.93,6.82,39878353.0,273400014.0
2017-08-09,6.83,6.79,6.84,6.77,48227220.0,327594023.0
2017-08-10,6.81,6.86,6.87,6.78,36770018.0,250984193.0
2017-08-11,6.85,6.8,6.87,6.73,49840544.0,338925722.0
2017-08-14,6.8,6.77,6.81,6.74,29919929.0,202785648.0
2017-08-15,6.79,6.87,6.88,6.78,26089204.0,178702576.0
2017-08-16,6.88,6.82,6.88,6.8,20055872.0,136854575.0
2017-08-17,6.83,6.87,6.9,6.83,20932261.0,143894323.0
2017-08-18,6.87,6.89,6.94,6.84,21914901.0,150960219.0
2017-08-21,6.91,6.89,6.94,6.87,19524668.0,134549316.0
2017-08-22,6.88,6.86,6.92,6.84,19892968.0,136932822.0
2017-08-23,6.86,6.81,6.87,6.79,22381639.0,152482472.0
2017-08-24,6.82,6.8,6.83,6.74,29839244.0,202235872.0
2017-08-25,6.83,6.83,6.84,6.73,32238386.0,218599071.0
2017-08-28,6.82,6.81,6.88,6.8,37056530.0,253375323.0
2017-08-29,6.85,6.87,6.93,6.82,29592688.0,203489783.0
2017-08-30,6.86,6.81,6.87,6.73,36225376.0,246219223.0
2017-08-31,6.75,6.68,6.79,6.65,61538482.0,412759173.0
2017-09-01,6.71,6.66,6.75,6.62,59000780.0,394168322.0
2017-09-04,6.62,6.68,6.69,6.6,49068515.0,325374207.0
2017-09-05,6.66,6.63,6.66,6.61,30402559.0,201478606.0
2017-09-06,6.62,6.63,6.66,6.6,24506964.0,162440586.0
2017-09-07,6.62,6.61,6.63,6.6,22869843.0,151330323.0
2017-09-08,6.65,6.7,6.7,6.62,39335438.0,262135983.0
2017-09-11,6.71,6.7,6.72,6.67,27003805.0,181048954.0
2017-09-12,6.69,6.65,6.71,6.63,24595193.0,163900015.0
2017-09-13,6.65,6.68,6.69,6.64,13563451.0,90503283.0
2017-09-14,6.66,6.64,6.67,6.61,30273723.0,200571218.0
2017-09-15,6.64,6.6,6.64,6.55,32797160.0,216175829.0
2017-09-18,6.58,6.63,6.64,6.57,19903397.0,131321130.0
2017-09-19,6.63,6.67,6.7,6.62,22869184.0,152369753.0
2017-09-20,6.66,6.66,6.7,6.65,17302700.0,115472214.0
2017-09-21,6.66,6.6,6.68,6.59,16368961.0,108473630.0
2017-09-22,6.6,6.62,6.64,6.54,29347267.0,193231481.0
2017-09-25,6.62,6.65,6.67,6.53,39862997.0,263578880.0
2017-09-26,6.63,6.64,6.68,6.62,15398616.0,102495668.0
2017-09-27,6.66,6.62,6.67,6.59,13327181.0,88383710.0
2017-09-28,6.63,6.62,6.63,6.58,13319312.0,87945190.0
2017-09-29,6.62,6.59,6.63,6.56,13861941.0,91351448.0
2017-10-09,6.63,6.69,6.7,6.63,28006870.0,186720557.0
2017-10-10,6.69,6.68,6.7,6.63,14447263.0,96227099.0
2017-10-11,6.7,6.77,6.79,6.7,38466772.0,259811502.0
2017-10-12,6.76,6.79,6.82,6.75,29758592.0,202433690.0
2017-10-13,6.79,6.79,6.82,6.76,15787949.0,107388596.0
2017-10-16,6.79,6.78,6.83,6.77,19192443.0,130388902.0
2017-10-17,6.78,6.78,6.79,6.7,18540488.0,125011181.0
2017-10-18,6.77,6.86,6.87,6.75,33838465.0,230539556.0
2017-10-19,6.83,6.9,6.91,6.81,28558618.0,196338135.0
2017-10-20,6.9,6.86,6.91,6.83,21178049.0,145387914.0
2017-10-23,6.86,6.8,6.86,6.78,16574943.0,112851414.0
2017-10-24,6.8,6.91,6.92,6.79,42446584.0,292018788.0
2017-10-25,6.89,6.88,6.93,6.85,19201723.0,132221151.0
2017-10-26,6.87,6.87,6.88,6.83,17584562.0,120744049.0
2017-10-27,6.86,6.83,6.9,6.82,23010682.0,157937744.0
2017-10-30,6.83,6.8,6.85,6.72,36192986.0,245487308.0
2017-10-31,6.77,6.73,6.79,6.71,19438442.0,131100836.0
2017-11-01,6.74,6.71,6.75,6.68,30668936.0,205742136.0
2017-11-02,6.69,6.72,6.73,6.67,19707923.0,132076927.0
2017-11-03,6.71,6.73,6.76,6.63,39931568.0,267196395.0
2017-11-06,6.71,6.71,6.74,6.66,20593728.0,137819727.0
2017-11-07,6.71,6.8,6.8,6.69,30010190.0,203119149.0
2017-11-08,6.8,6.86,6.95,6.8,40475947.0,278642158.0
2017-11-09,6.88,6.89,6.9,6.82,20433093.0,140350216.0
2017-11-10,6.89,6.95,6.96,6.87,33235630.0,229948116.0
2017-11-13,6.76,6.74,6.83,6.7,67112140.0,452690802.0
2017-11-14,6.74,6.64,6.77,6.63,42102760.0,281843103.0
2017-11-15,6.64,6.62,6.65,6.55,50339891.0,332367698.0
2017-11-16,6.61,6.59,6.64,6.58,22293577.0,147351535.0
2017-11-17,6.61,6.78,6.79,6.59,58533701.0,392440960.0
2017-11-20,6.73,6.71,6.79,6.68,31932196.0,214588747.0
2017-11-21,6.73,7.01,7.02,6.71,94466983.0,653393308.0
2017-11-22,7.01,6.98,7.15,6.97,49034807.0,345190278.0
2017-11-23,7.0,6.98,7.06,6.95,37870934.0,264978236.0
2017-11-24,6.97,6.98,6.99,6.85,37646913.0,260823544.0
2017-11-27,6.96,6.97,6.98,6.88,49675268.0,344317677.0
2017-11-28,6.93,6.83,6.93,6.81,30220498.0,206969324.0
2017-11-29,6.85,6.77,6.85,6.72,36407250.0,246684250.0
2017-11-30,6.73,6.75,6.79,6.69,21961082.0,147826298.0
2017-12-01,6.72,6.71,6.76,6.69,14945750.0,100421774.0
2017-12-04,6.7,6.63,6.71,6.6,29953318.0,199151433.0
2017-12-05,6.63,6.63,6.72,6.61,29332467.0,194961058.0
2017-12-06,6.63,6.58,6.67,6.57,27998711.0,185170522.0
2017-12-07,6.61,6.54,6.62,6.53,29624633.0,194439780.0
2017-12-08,6.54,6.52,6.56,6.5,30455135.0,198668312.0
2017-12-11,6.51,6.59,6.6,6.49,19948416.0,130474814.0
2017-12-12,6.57,6.53,6.6,6.51,13528902.0,88633210.0
2017-12-13,6.51,6.54,6.55,6.49,13267543.0,86508395.0
2017-12-14,6.54,6.54,6.57,6.53,11043335.0,72365647.0
2017-12-15,6.55,6.62,6.65,6.54,30457252.0,201136474.0
2017-12-18,6.64,6.66,6.71,6.63,26199517.0,174927751.0
2017-12-19,6.64,6.62,6.68,6.6,16663102.0,110380703.0
2017-12-20,6.62,6.66,6.68,6.61,15993004.0,106276579.0
2017-12-21,6.66,6.69,6.74,6.63,23509212.0,157656819.0
2017-12-22,6.66,6.71,6.71,6.65,16384261.0,109534458.0
2017-12-25,6.7,6.65,6.74,6.64,22448181.0,150005570.0
2017-12-26,6.65,6.62,6.67,6.55,23374770.0,154115422.0
2017-12-27,6.63,6.55,6.63,6.53,14592348.0,95938237.0
2017-12-28,6.55,6.47,6.59,6.45,25315783.0,165317307.0
2017-12-29,6.5,6.59,6.61,6.46,28408520.0,185586991.0
2018-01-02,6.58,6.67,6.68,6.57,38072682.0,252459502.0
2018-01-03,6.67,6.78,6.79,6.66,45501611.0,306220531.0
2018-01-04,6.79,6.75,6.79,6.67,32451063.0,218770824.0
2018-01-05,6.74,6.76,6.82,6.71,28934506.0,195515174.0
2018-01-08,6.76,6.79,6.81,6.71,29082391.0,196989398.0
2018-01-09,6.7,6.59,6.74,6.58,65062323.0,433049163.0
2018-01-10,6.58,6.64,6.66,6.54,46006701.0,302648759.0
2018-01-11,6.62,6.61,6.62,6.59,16320610.0,107804025.0
2018-01-12,6.62,6.55,6.63,6.53,39049177.0,256395898.0
2018-01-15,6.51,6.45,6.52,6.44,43673251.0,282701017.0
2018-01-16,6.46,6.45,6.47,6.41,31786578.0,204620660.0
2018-01-17,6.42,6.45,6.49,6.41,33817050.0,217964578.0
2018-01-18,6.45,6.49,6.5,6.42,22840390.0,147491536.0
2018-01-19,6.49,6.48,6.51,6.44,28235886.0,182599933.0
2018-01-22,6.44,6.53,6.54,6.44,25935610.0,168235746.0
2018-01-23,6.53,6.5,6.53,6.46,34325734.0,222918685.0
2018-01-24,6.49,6.57,6.58,6.46,36332583.0,237114792.0
2018-01-25,6.55,6.55,6.6,6.53,27840263.0,182680609.0
2018-01-26,6.54,6.57,6.59,6.52,20253519.0,132758192.0
2018-01-29,6.57,6.53,6.6,6.5,35381148.0,231568908.0
2018-01-30,6.53,6.53,6.54,6.48,20462500.0,133202228.0
2018-01-31,6.51,6.45,6.51,6.43,21935989.0,141893309.0
2018-02-01,6.45,6.35,6.46,6.33,31296519.0,199898853.0
2018-02-02,6.3,6.44,6.46,6.27,21152787.0,134693127.0
2018-02-05,6.38,6.44,6.45,6.36,15273169.0,97885168.0
2018-02-06,6.32,6.29,6.36,6.27,34857818.0,220243453.0
2018-02-07,6.32,6.28,6.36,6.2,24351070.0,153126813.0
2018-02-08,6.29,6.23,6.32,6.2,21633748.0,135209311.0
2018-02-09,6.11,5.98,6.14,5.84,50457489.0,302704406.0
2018-02-12,5.99,6.02,6.03,5.93,31073975.0,185922412.0
2018-02-13,6.02,6.01,6.09,5.99,30412319.0,183328807.0
2018-02-14,6.01,6.01,6.02,5.97,14996070.0,89967114.0
2018-02-22,6.01,6.09,6.11,6.01,18309259.0,111149646.0
2018-02-23,6.09,6.14,6.15,6.09,10057221.0,61559973.0
2018-02-26,6.15,6.19,6.2,6.08,17067772.0,105006659.0
2018-02-27,6.18,6.2,6.23,6.17,11867641.0,73636158.0
2018-02-28,6.15,6.18,6.21,6.15,8914748.0,55088629.0
2018-03-01,6.18,6.18,6.23,6.15,12770048.0,78994650.0
2018-03-02,6.17,6.2,6.25,6.14,13467843.0,83589344.0
2018-03-05,6.19,6.28,6.29,6.18,16318425.0,101824909.0
2018-03-06,6.28,6.36,6.39,6.24,18784868.0,118690659.0
2018-03-07,6.35,6.37,6.44,6.34,15275220.0,97706171.0
2018-03-08,6.37,6.52,6.53,6.37,24527381.0,158632901.0
2018-03-09,6.56,6.53,6.56,6.46,18722303.0,121795869.0
2018-03-12,6.52,6.54,6.55,6.47,24985464.0,162512743.0
2018-03-13,6.53,6.53,6.55,6.49,20629431.0,134430676.0
2018-03-14,6.52,6.51,6.54,6.49,17553315.0,114473163.0
2018-03-15,6.5,6.46,6.52,6.44,13744387.0,88811197.0
2018-03-16,6.46,6.42,6.49,6.41,12924028.0,83222116.0
2018-03-19,6.4,6.44,6.46,6.38,9961214.0,63952125.0
2018-03-20,6.43,6.46,6.46,6.39,17752942.0,114099161.0
2018-03-21,6.43,6.39,6.46,6.38,16839115.0,108058228.0
2018-03-22,6.37,6.38,6.42,6.29,22038123.0,139775689.0
2018-03-23,6.27,6.29,6.35,6.2,30633855.0,191710697.0
2018-03-26,6.2,6.24,6.32,6.14,20762110.0,129000789.0
2018-03-27,6.24,6.32,6.34,6.23,27598564.0,173087166.0
2018-03-28,6.27,6.25,6.29,6.21,18849806.0,117828963.0
2018-03-29,6.27,6.34,6.36,6.27,28387598.0,179072578.0
2018-03-30,6.37,6.38,6.39,6.3,21044354.0,133636244.0
2018-04-02,6.36,6.3,6.36,6.3,13028194.0,82379714.0
2018-04-03,6.28,6.24,6.28,6.21,15372589.0,95893138.0
2018-04-04,6.24,6.22,6.27,6.21,15228761.0,95122431.0
2018-04-09,6.19,6.28,6.28,6.18,18225148.0,113295609.0
2018-04-10,6.27,6.34,6.35,6.23,17615810.0,111088549.0
2018-04-11,6.35,6.41,6.43,6.33,16753942.0,107062175.0
2018-04-12,6.39,6.39,6.43,6.36,11402608.0,72995064.0
2018-04-13,6.39,6.41,6.42,6.35,12164698.0,77562576.0
2018-04-16,6.37,6.26,6.38,6.24,15003420.0,94638397.0
2018-04-17,6.26,6.27,6.33,6.21,10854469.0,68403085.0
2018-04-18,6.29,6.18,6.31,6.12,11147959.0,68948380.0
2018-04-19,6.17,6.09,6.18,6.03,16218554.0,99139639.0
2018-04-20,6.06,5.97,6.11,5.96,11771673.0,70902779.0
2018-04-23,5.95,5.97,6.0,5.91,9602452.0,57190821.0
2018-04-24,5.96,6.03,6.07,5.95,12524499.0,75367473.0
2018-04-25,6.02,6.01,6.02,5.97,9356973.0,56063794.0
2018-04-26,5.99,5.95,6.01,5.94,6693977.0,39948045.0
2018-04-27,5.94,6.11,6.17,5.92,16800401.0,101219728.0
2018-05-02,6.09,6.17,6.18,6.05,15206959.0,92985126.0
2018-05-03,6.16,6.17,6.18,6.08,14740223.0,90424038.0
2018-05-04,6.15,6.23,6.24,6.09,15392681.0,95009221.0
2018-05-07,6.22,6.25,6.29,6.2,16889347.0,105785914.0
2018-05-08,6.24,6.27,6.28,6.23,7768096.0,48603831.0
2018-05-09,6.27,6.33,6.35,6.25,14100574.0,89014783.0
2018-05-10,6.32,6.34,6.36,6.3,9381543.0,59361034.0
2018-05-11,6.35,6.41,6.43,6.32,18693142.0,119024690.0
2018-05-14,6.51,6.46,6.53,6.39,26551415.0,171375761.0
2018-05-15,6.44,6.59,6.6,6.44,25093788.0,163688684.0
2018-05-16,6.59,6.54,6.63,6.54,16813191.0,110756780.0
2018-05-17,6.56,6.57,6.62,6.55,14117384.0,92956006.0
2018-05-18,6.56,6.61,6.65,6.45,20328830.0,133762592.0
2018-05-21,6.63,6.71,6.71,6.63,20289499.0,135640799.0
2018-05-22,6.7,6.69,6.73,6.65,14893326.0,99821949.0
2018-05-23,6.65,6.88,6.93,6.65,59645307.0,408571168.0
2018-05-24,6.86,6.71,6.94,6.69,33073245.0,225998188.0
2018-05-25,6.77,6.83,6.87,6.66,36735275.0,248914903.0
2018-05-28,6.82,6.74,6.83,6.53,32160523.0,214980579.0
2018-05-29,6.73,6.77,6.83,6.68,22016457.0,148760903.0
2018-05-30,6.7,6.67,6.79,6.62,25000693.0,167465326.0
2018-05-31,6.69,6.77,6.81,6.65,21817604.0,147158428.0
2018-06-01,6.74,6.7,6.83,6.68,14186284.0,95859987.0
2018-06-04,6.68,6.87,6.88,6.68,21733963.0,148137281.0
2018-06-05,6.87,6.85,6.88,6.79,17156986.0,117234492.0
2018-06-06,6.84,6.99,7.0,6.82,30188817.0,209460210.0
2018-06-07,6.97,6.78,7.02,6.77,30822691.0,212730153.0
2018-06-08,6.79,6.69,6.8,6.64,18052254.0,121397279.0
2018-06-11,6.64,6.74,6.75,6.63,15553694.0,104159893.0
2018-06-12,6.73,6.78,6.86,6.62,19336908.0,130130785.0
2018-06-13,6.78,6.92,7.02,6.77,34644075.0,240312724.0
2018-06-14,6.9,6.99,7.1,6.86,31287273.0,219717208.0
2018-06-15,6.99,6.91,7.04,6.86,17061601.0,118218947.0
2018-06-19,6.91,6.65,6.91,6.55,29008973.0,194003043.0
2018-06-20,6.62,6.71,6.72,6.61,18387596.0,122676829.0
2018-06-21,6.71,6.68,6.79,6.64,17023637.0,114138155.0
2018-06-22,6.65,6.7,6.71,6.49,18454017.0,122176202.0
2018-06-25,6.7,6.71,6.78,6.69,10999926.0,74019276.0
2018-06-26,6.67,6.61,6.72,6.53,17580240.0,116169362.0
2018-06-27,6.61,6.53,6.66,6.38,15463240.0,100892448.0
2018-06-28,6.47,6.45,6.5,6.4,12781705.0,82397324.0
2018-06-29,6.45,6.53,6.55,6.41,14019192.0,90786093.0
2018-07-02,6.49,6.56,6.71,6.49,27123360.0,179854237.0
2018-07-03,6.58,6.59,6.65,6.47,16867118.0,110655187.0
2018-07-04,6.63,6.59,6.7,6.56,16716128.0,110645194.0
2018-07-05,6.61,6.46,6.62,6.43,20007012.0,130042640.0
2018-07-06,6.37,6.31,6.44,6.21,18638972.0,118190364.0
2018-07-09,6.29,6.44,6.5,6.29,16428581.0,105187426.0
2018-07-10,6.47,6.45,6.51,6.43,11217115.0,72487839.0
2018-07-11,6.37,6.39,6.41,6.35,7573690.0,48291992.0
2018-07-12,6.42,6.54,6.56,6.37,15566840.0,100948153.0
2018-07-13,6.54,6.51,6.59,6.49,9682087.0,63214194.0
2018-07-16,6.52,6.65,6.66,6.46,18373437.0,121076512.0
2018-07-17,6.66,6.62,6.71,6.6,11135539.0,73900853.0
2018-07-18,6.62,6.89,6.97,6.62,43478462.0,298913159.0
2018-07-19,6.88,6.98,7.03,6.88,36114946.0,251412488.0
2018-07-20,6.98,7.08,7.14,6.88,38365677.0,269351065.0
2018-07-23,7.03,7.07,7.09,6.92,21323130.0,149369704.0
2018-07-24,7.06,7.03,7.14,6.95,24883755.0,174030821.0
2018-07-25,7.02,6.97,7.02,6.92,14155247.0,98535645.0
2018-07-26,6.97,7.09,7.13,6.96,27641242.0,195728160.0
2018-07-27,7.06,7.02,7.1,6.97,12135408.0,85451510.0
2018-07-30,7.06,7.05,7.16,7.0,16943281.0,120069941.0
2018-07-31,7.07,7.01,7.1,6.89,17923135.0,125173819.0
2018-08-01,7.0,7.0,7.06,6.97,17039853.0,119533372.0
2018-08-02,7.02,6.9,7.02,6.8,20767596.0,143261813.0
2018-08-03,6.89,6.97,7.06,6.88,20594091.0,143961014.0
2018-08-06,6.99,6.88,7.13,6.87,23817362.0,167258958.0
2018-08-07,6.79,6.93,6.98,6.78,16496738.0,113607443.0
2018-08-08,6.9,6.88,6.98,6.83,16926835.0,116603534.0
2018-08-09,6.87,6.99,7.04,6.82,16885783.0,117820005.0
2018-08-10,6.98,6.77,7.0,6.73,34200926.0,233314510.0
2018-08-13,6.74,6.75,6.77,6.64,20856967.0,139649577.0
2018-08-14,6.74,6.7,6.76,6.64,11686190.0,78024214.0
2018-08-15,6.75,6.61,6.8,6.57,18014990.0,120616197.0
2018-08-16,6.61,6.56,6.69,6.53,15186042.0,100418090.0
2018-08-17,6.61,6.68,6.77,6.57,25261292.0,169607808.0
2018-08-20,6.69,6.77,6.77,6.65,18285277.0,123100372.0
2018-08-21,6.77,6.81,6.85,6.75,13401067.0,91229509.0
2018-08-22,6.84,6.77,6.84,6.73,6582849.0,44580438.0
2018-08-23,6.72,6.77,6.78,6.68,6794781.0,45775908.0
2018-08-24,6.71,6.8,6.82,6.66,8406628.0,56802496.0
2018-08-27,6.8,6.85,6.86,6.75,11799380.0,80411572.0
2018-08-28,6.83,6.88,6.89,6.78,9934583.0,68025494.0
2018-08-29,6.86,6.84,6.87,6.82,6883590.0,47097930.0
2018-08-30,6.78,6.83,6.85,6.76,7074162.0,48087251.0
2018-08-31,6.76,6.77,6.83,6.71,9646067.0,65375156.0
2018-09-03,6.77,6.74,6.82,6.69,10584164.0,71534928.0
2018-09-04,6.73,6.85,6.88,6.73,10099797.0,68787979.0
2018-09-05,6.86,6.7,6.95,6.67,15368295.0,104639478.0
2018-09-06,6.66,6.8,6.85,6.63,15341024.0,104010373.0
2018-09-07,6.82,6.69,6.85,6.65,10160332.0,68427770.0
2018-09-10,6.69,6.63,6.74,6.53,12550908.0,83546049.0
2018-09-11,6.62,6.63,6.66,6.54,10909306.0,72092565.0
2018-09-12,6.62,6.6,6.68,6.55,9503483.0,62789757.0
2018-09-13,6.64,6.72,6.73,6.59,9780298.0,65276414.0
2018-09-14,6.72,6.74,6.76,6.66,6227320.0,41875602.0
2018-09-17,6.74,6.59,6.8,6.55,13488774.0,89666269.0
2018-09-18,6.56,6.84,6.85,6.55,17879713.0,120684290.0
2018-09-19,6.82,6.89,6.99,6.77,16136677.0,111706196.0
2018-09-20,6.9,6.93,6.96,6.85,9577572.0,66242448.0
2018-09-21,6.95,6.92,6.96,6.85,14890876.0,102813865.0
2018-09-25,6.91,6.91,6.95,6.84,10266805.0,70824173.0
2018-09-26,6.93,6.88,6.97,6.87,14006500.0,97008669.0
2018-09-27,6.9,7.07,7.19,6.88,36258877.0,256818940.0
2018-09-28,7.07,7.05,7.11,7.0,21997521.0,155001582.0
2018-10-08,6.98,6.79,7.01,6.77,26389499.0,182077773.0
2018-10-09,6.8,6.77,6.89,6.67,22943291.0,155449547.0
2018-10-10,6.79,6.74,6.84,6.68,14046497.0,94691599.0
2018-10-11,6.61,6.51,6.7,6.41,27258349.0,178451384.0
2018-10-12,6.48,6.57,6.64,6.42,20178448.0,131381544.0
2018-10-15,6.56,6.5,6.59,6.48,12892286.0,84166307.0
2018-10-16,6.5,6.47,6.55,6.43,9139145.0,59366573.0
2018-10-17,6.51,6.54,6.62,6.51,11874710.0,77958605.0
2018-10-18,6.52,6.41,6.55,6.38,18873925.0,121548061.0
2018-10-19,6.33,6.5,6.51,6.33,18497337.0,118959322.0
2018-10-22,6.51,6.75,6.77,6.5,19640782.0,131402639.0
2018-10-23,6.73,6.58,6.73,6.55,16129562.0,106891770.0
2018-10-24,6.57,6.48,6.65,6.36,19135079.0,124296899.0
2018-10-25,6.38,6.39,6.41,6.22,24069564.0,151774489.0
2018-10-26,6.39,6.44,6.46,6.33,13042503.0,83496138.0
2018-10-29,6.4,6.38,6.44,6.33,15539639.0,99230254.0
2018-10-30,6.41,6.37,6.44,6.34,12272248.0,78558047.0
2018-10-31,6.43,6.53,6.59,6.42,21831664.0,142776459.0
2018-11-01,6.58,6.7,6.76,6.54,27044748.0,181033640.0
2018-11-02,6.73,6.83,6.84,6.71,22870522.0,155678233.0
2018-11-05,6.83,6.82,6.88,6.78,22937094.0,156876673.0
2018-11-06,6.82,6.86,6.88,6.76,21657371.0,148326562.0
2018-11-07,6.88,6.84,6.95,6.77,17733943.0,121615109.0
2018-11-08,6.88,6.88,6.97,6.84,19472807.0,134564895.0
2018-11-09,6.86,6.84,6.92,6.79,14454180.0,98980045.0
2018-11-12,6.85,6.88,6.98,6.82,26407685.0,182372739.0
2018-11-13,6.86,6.97,6.98,6.81,23376000.0,162074998.0
2018-11-14,6.99,6.91,7.01,6.88,18534509.0,128645716.0
2018-11-15,6.88,6.99,6.99,6.88,12406699.0,86411493.0
2018-11-16,7.0,6.9,7.01,6.82,18037487.0,124194190.0
2018-11-19,6.88,6.92,6.94,6.85,15251539.0,105142247.0
2018-11-20,6.91,6.81,6.99,6.79,18019266.0,123669937.0
2018-11-21,6.79,6.77,6.81,6.74,13560498.0,91673397.0
2018-11-22,6.77,6.62,6.8,6.62,15804471.0,105577142.0
2018-11-23,6.61,6.55,6.67,6.55,14310711.0,94396940.0
2018-11-26,6.55,6.61,6.65,6.5,14890361.0,98203350.0
2018-11-27,6.6,6.6,6.65,6.56,12452895.0,82159809.0
2018-11-28,6.59,6.63,6.65,6.54,11109452.0,73380189.0
2018-11-29,6.65,6.56,6.77,6.55,16658096.0,110780473.0
2018-11-30,6.56,6.7,6.71,6.54,12593022.0,83451599.0
2018-12-03,6.79,6.79,6.81,6.72,17005739.0,115363533.0
2018-12-04,6.79,6.88,6.89,6.73,19217695.0,131027361.0
2018-12-05,6.82,6.93,6.93,6.8,17593588.0,121195154.0
2018-12-06,6.9,6.83,6.94,6.79,16382615.0,112433611.0
2018-12-07,6.83,6.98,7.0,6.83,23472365.0,163518070.0
2018-12-10,6.97,6.99,7.03,6.95,13056847.0,91355422.0
2018-12-11,7.01,6.98,7.05,6.92,13562218.0,94619328.0
2018-12-12,7.0,7.01,7.03,6.94,16540008.0,115569767.0
2018-12-13,7.0,6.99,7.07,6.94,21438020.0,150521980.0
2018-12-14,7.05,7.01,7.07,6.99,16131944.0,113628088.0
2018-12-17,7.01,6.99,7.07,6.91,20070208.0,140130023.0
2018-12-18,7.0,7.21,7.22,6.98,35637971.0,254808682.0
2018-12-19,7.22,7.17,7.3,7.14,26896008.0,194326655.0
2018-12-20,7.15,7.12,7.24,7.08,20239729.0,144673052.0
2018-12-21,7.11,7.2,7.23,7.11,27372323.0,196576621.0
2018-12-24,7.18,7.13,7.24,7.1,13806842.0,98863174.0
2018-12-25,7.16,7.22,7.23,7.06,18992790.0,135818836.0
2018-12-26,7.22,7.22,7.23,7.09,14618049.0,104791516.0
2018-12-27,7.22,7.29,7.3,7.2,22978602.0,166961215.0
2018-12-28,7.29,7.39,7.41,7.25,34970948.0,256733128.0
2019-01-02,7.39,7.12,7.42,7.08,29953222.0,215628735.0
2019-01-03,7.11,7.11,7.22,7.02,21850347.0,155382753.0
2019-01-04,7.11,7.16,7.24,7.08,20000836.0,143351815.0
2019-01-07,7.18,7.25,7.26,7.16,19019044.0,137359203.0
2019-01-08,7.2,7.36,7.36,7.16,19340583.0,140685383.0
2019-01-09,7.36,7.22,7.39,7.22,20319059.0,148426865.0
2019-01-10,7.18,7.22,7.26,7.17,13991726.0,100848391.0
2019-01-11,7.21,7.07,7.21,7.01,21610205.0,153170674.0
2019-01-14,7.11,7.1,7.12,6.99,15172635.0,107304698.0
2019-01-15,7.09,7.18,7.21,7.02,13361533.0,95337459.0
2019-01-16,7.17,7.32,7.36,7.17,15195687.0,111138633.0
2019-01-17,7.36,7.4,7.55,7.36,18495847.0,137748411.0
2019-01-18,7.48,7.67,7.71,7.44,39391930.0,299747043.0
2019-01-21,7.71,7.63,7.8,7.54,38585604.0,294765110.0
2019-01-22,7.67,7.53,7.69,7.5,18891621.0,143255304.0
2019-01-23,7.61,7.59,7.67,7.51,19178612.0,145445666.0
2019-01-24,7.61,7.61,7.66,7.53,16187211.0,123145882.0
2019-01-25,7.62,7.56,7.77,7.53,23284514.0,177738065.0
2019-01-28,7.59,7.55,7.69,7.51,19425239.0,147663531.0
2019-01-29,7.59,7.64,7.65,7.5,14442837.0,109733073.0
2019-01-30,7.61,7.47,7.64,7.44,19692710.0,147895036.0
2019-01-31,7.49,7.46,7.61,7.45,19112251.0,143572662.0
2019-02-01,7.5,7.59,7.6,7.5,15377996.0,116440754.0
2019-02-11,7.59,7.65,7.73,7.57,23648657.0,180605604.0
2019-02-12,7.69,7.88,7.91,7.6,33161849.0,259005958.0
2019-02-13,7.83,7.87,7.9,7.78,22722883.0,178238669.0
2019-02-14,7.87,7.82,7.87,7.78,16904680.0,131913942.0
2019-02-15,7.79,7.72,7.84,7.7,18186125.0,140973046.0
2019-02-18,7.76,7.76,7.83,7.71,36572178.0,283700680.0
2019-02-19,7.78,7.63,7.78,7.55,39569881.0,303082783.0
2019-02-20,7.64,7.68,7.69,7.56,24331772.0,185528570.0
2019-02-21,7.63,7.55,7.68,7.55,35790361.0,272510972.0
2019-02-22,7.54,7.59,7.64,7.49,28376110.0,215094991.0
2019-02-25,7.6,7.76,7.77,7.56,66298737.0,507369817.0
2019-02-26,7.71,7.67,7.79,7.65,55978149.0,431831312.0
2019-02-27,7.64,7.58,7.71,7.56,43809498.0,334054466.0
2019-02-28,7.58,7.42,7.58,7.41,58447626.0,435089820.0
2019-03-01,7.44,7.47,7.49,7.33,46313666.0,342532262.0
2019-03-04,7.47,7.54,7.63,7.43,62005536.0,466435681.0
2019-03-05,7.57,7.61,7.65,7.54,61865769.0,469661589.0
2019-03-06,7.63,7.74,7.78,7.55,77177093.0,591075019.0
2019-03-07,7.75,7.66,7.79,7.64,53966758.0,415941736.0
2019-03-08,7.63,7.44,7.63,7.41,52048725.0,391498510.0
2019-03-11,7.45,7.48,7.52,7.37,43743761.0,325892366.0
2019-03-12,7.48,7.66,7.75,7.46,65398650.0,500193355.0
2019-03-13,7.62,7.56,7.64,7.49,37776706.0,285361488.0
2019-03-14,7.55,7.45,7.55,7.41,29112449.0,217092429.0
2019-03-15,7.47,7.44,7.54,7.42,27023009.0,201969282.0
2019-03-18,7.62,7.67,7.69,7.53,47745497.0,364227425.0
2019-03-19,7.67,7.79,7.86,7.62,54389109.0,423083990.0
2019-03-20,7.79,7.83,7.87,7.73,39188579.0,305553643.0
2019-03-21,7.8,7.78,7.84,7.75,41847383.0,325726046.0
2019-03-22,7.77,7.81,7.81,7.65,29840091.0,230802616.0
2019-03-25,7.72,7.71,7.82,7.67,24692358.0,191412849.0
2019-03-26,7.69,7.55,7.74,7.55,20247430.0,154468977.0
2019-03-27,7.55,7.46,7.62,7.44,30546347.0,230030314.0
2019-03-28,7.47,7.49,7.51,7.43,25588212.0,191051375.0
2019-03-29,7.53,7.62,7.66,7.42,50500212.0,380326102.0
2019-04-01,7.64,7.71,7.76,7.63,62641959.0,481262420.0
2019-04-02,7.71,7.67,7.78,7.66,43220234.0,333617044.0
2019-04-03,7.67,7.95,7.96,7.64,65229209.0,510681294.0
2019-04-04,7.99,7.91,8.02,7.89,45594654.0,362296499.0
2019-04-08,7.98,8.01,8.07,7.89,55000391.0,438395934.0
2019-04-09,8.01,7.95,8.03,7.89,29560285.0,234854677.0
2019-04-10,7.94,8.1,8.11,7.85,43186649.0,345189556.0
2019-04-11,8.07,7.94,8.18,7.94,32987064.0,265450259.0
2019-04-12,7.89,8.26,8.34,7.89,59909003.0,491317865.0
2019-04-15,8.35,8.12,8.39,8.11,43151278.0,354622548.0
2019-04-16,8.12,8.15,8.15,7.97,32983466.0,266465414.0
2019-04-17,8.12,8.04,8.13,8.0,28803180.0,232182487.0
2019-04-18,7.89,7.79,7.92,7.72,52973779.0,413446113.0
2019-04-19,7.77,7.83,7.85,7.75,22256673.0,173590366.0
2019-04-22,7.83,7.72,7.85,7.71,30246896.0,234441877.0
2019-04-23,7.75,7.67,7.75,7.63,29521208.0,226619128.0
2019-04-24,7.66,7.65,7.67,7.55,27016666.0,205631209.0
2019-04-25,7.61,7.54,7.69,7.5,24199143.0,183842555.0
2019-04-26,7.51,7.41,7.56,7.4,29431546.0,220216785.0
2019-04-29,7.43,7.4,7.55,7.37,28246337.0,210540492.0
2019-04-30,7.4,7.43,7.51,7.37,22904837.0,170360978.0
2019-05-06,7.31,7.22,7.31,7.02,49534844.0,353381151.0
2019-05-07,7.19,7.14,7.27,7.07,40439898.0,289130135.0
2019-05-08,7.07,7.06,7.11,6.98,33526379.0,235932807.0
2019-05-09,6.99,6.9,7.03,6.9,22213397.0,154707841.0
2019-05-10,6.97,7.05,7.09,6.88,25075154.0,175411116.0
2019-05-13,7.0,6.93,7.03,6.91,19974417.0,139050694.0
2019-05-14,6.86,6.88,6.98,6.85,20953168.0,144705731.0
2019-05-15,6.92,6.98,7.0,6.9,14708223.0,102293878.0
2019-05-16,6.99,7.02,7.04,6.95,24519794.0,171718674.0
2019-05-17,7.04,6.88,7.04,6.87,24864596.0,172125810.0
2019-05-20,6.86,6.66,6.88,6.6,34007978.0,227330694.0
2019-05-21,6.66,6.83,6.84,6.66,16027753.0,108544253.0
2019-05-22,6.84,6.94,7.02,6.81,21245454.0,147387297.0
2019-05-23,6.91,6.95,7.04,6.9,14461252.0,100923428.0
2019-05-24,6.95,6.94,7.04,6.9,14931453.0,103965102.0
2019-05-27,6.97,6.99,7.02,6.93,12544286.0,87558380.0
2019-05-28,7.0,7.02,7.03,6.91,33023162.0,231041389.0
2019-05-29,6.98,6.96,7.01,6.91,13199329.0,91993278.0
2019-05-30,6.94,7.13,7.18,6.91,23871761.0,169002276.0
2019-05-31,7.16,7.22,7.25,7.11,20477384.0,147444562.0
2019-06-03,7.22,7.3,7.36,7.17,30526302.0,221458626.0
2019-06-04,7.27,7.14,7.3,7.11,24723072.0,177616000.0
2019-06-05,7.2,7.22,7.32,7.18,21134057.0,153457999.0
2019-06-06,7.22,7.17,7.3,7.12,20154214.0,145019499.0
2019-06-10,7.17,7.32,7.36,7.17,24484422.0,178429077.0
2019-06-11,7.33,7.43,7.45,7.33,23310106.0,172860917.0
2019-06-12,7.43,7.4,7.43,7.33,15409902.0,113775762.0
2019-06-13,7.36,7.36,7.44,7.31,11835587.0,87169169.0
2019-06-14,7.38,7.4,7.41,7.25,20936175.0,153365903.0
2019-06-17,7.39,7.25,7.39,7.21,23726388.0,172587295.0
2019-06-18,7.24,7.28,7.33,7.22,14853566.0,107953507.0
2019-06-19,7.36,7.35,7.4,7.3,14819646.0,109125823.0
2019-06-20,7.35,7.48,7.54,7.34,23549427.0,175797335.0
2019-06-21,7.55,7.44,7.55,7.43,20340695.0,152019879.0
2019-06-24,7.43,7.38,7.45,7.35,13178981.0,97556288.0
2019-06-25,7.39,7.27,7.4,7.18,18752132.0,136180302.0
2019-06-26,7.25,7.27,7.31,7.21,15639775.0,113472485.0
2019-06-27,7.29,7.26,7.33,7.23,19093898.0,138919843.0
2019-06-28,7.3,7.13,7.3,7.09,24177519.0,173106972.0
2019-07-01,7.19,7.31,7.34,7.17,25261351.0,183726715.0
2019-07-02,7.3,7.55,7.57,7.28,33174135.0,248634540.0
2019-07-03,7.56,7.61,7.65,7.5,25513794.0,193416787.0
2019-07-04,7.64,7.58,7.65,7.55,19542185.0,148372307.0
2019-07-05,7.62,7.68,7.7,7.55,23594186.0,180380735.0
2019-07-08,7.66,7.47,7.67,7.43,18549374.0,139263850.0
2019-07-09,7.51,7.5,7.55,7.41,15418267.0,115271793.0
2019-07-10,7.55,7.54,7.57,7.49,9049726.0,68155039.0
2019-07-11,7.54,7.55,7.57,7.49,9380948.0,70781926.0
2019-07-12,7.59,7.64,7.69,7.57,16791532.0,128523777.0
2019-07-15,7.63,7.7,7.72,7.56,13091282.0,100253644.0
2019-07-16,7.69,7.57,7.7,7.53,16510869.0,125622697.0
2019-07-17,7.57,7.53,7.6,7.5,10638770.0,80038118.0
2019-07-18,7.53,7.5,7.55,7.45,9837300.0,73777172.0
2019-07-19,7.54,7.54,7.58,7.47,11633422.0,87669847.0
2019-07-22,7.54,7.58,7.65,7.41,13731995.0,103753650.0
2019-07-23,7.57,7.82,7.86,7.55,25687005.0,199412035.0
2019-07-24,7.85,7.73,7.89,7.7,27673593.0,214853949.0
2019-07-25,7.74,7.79,7.81,7.7,12660264.0,98438249.0
2019-07-26,7.78,7.88,7.89,7.72,24449510.0,191416987.0
2019-07-29,7.88,7.9,7.97,7.84,30954241.0,244855194.0
2019-07-30,7.99,7.94,8.01,7.9,19050383.0,151460699.0
2019-07-31,7.98,8.03,8.08,7.96,21101263.0,169212053.0
2019-08-01,8.03,8.14,8.21,7.95,27771742.0,225684128.0
2019-08-02,8.06,8.18,8.2,7.99,27393577.0,222366240.0
2019-08-05,8.14,8.05,8.25,8.0,31681515.0,257720668.0
2019-08-06,7.97,8.04,8.09,7.9,27256904.0,217818833.0
2019-08-07,8.03,8.24,8.45,8.03,30179701.0,250134593.0
2019-08-08,8.24,8.29,8.33,8.13,21288259.0,175231092.0
2019-08-09,8.27,8.19,8.31,8.18,14606582.0,120276554.0
2019-08-12,8.21,8.14,8.24,7.94,19498969.0,157712428.0
2019-08-13,8.08,8.15,8.25,8.01,15643943.0,127462425.0
2019-08-14,8.21,8.28,8.32,8.17,17102994.0,141037777.0
2019-08-15,8.21,8.45,8.52,8.2,28950125.0,243746731.0
2019-08-16,8.47,8.37,8.5,8.35,16104499.0,135615027.0
2019-08-19,8.4,8.71,8.75,8.39,29885812.0,259022905.0
2019-08-20,8.71,8.63,8.74,8.59,22931206.0,198831924.0
2019-08-21,8.59,8.55,8.63,8.5,16077812.0,137427768.0
2019-08-22,8.49,8.67,8.7,8.48,17777467.0,152914321.0
2019-08-23,8.66,8.76,8.87,8.63,28785406.0,251218572.0
2019-08-26,8.84,9.06,9.09,8.77,37230627.0,333853497.0
2019-08-27,9.06,9.33,9.38,8.99,41926303.0,386472371.0
2019-08-28,9.36,9.28,9.39,9.25,22446884.0,209180192.0
2019-08-29,9.28,9.18,9.4,9.12,25373260.0,233390334.0
2019-08-30,9.24,9.13,9.35,9.02,26647785.0,243586240.0
2019-09-02,9.18,9.22,9.37,9.15,33425659.0,310230717.0
2019-09-03,9.23,9.28,9.34,9.18,29153489.0,270539946.0
2019-09-04,9.31,8.92,9.32,8.83,45935086.0,410905139.0
2019-09-05,8.95,8.82,9.17,8.8,41074782.0,367348689.0
2019-09-06,8.86,8.8,8.91,8.67,24238008.0,212923440.0
2019-09-09,8.93,8.81,8.95,8.76,25201291.0,222280883.0
2019-09-10,8.83,8.79,8.87,8.75,19321612.0,169887605.0
2019-09-11,8.8,8.76,8.84,8.71,18621568.0,163151968.0
2019-09-12,8.78,8.72,8.82,8.64,21280513.0,185342651.0
2019-09-16,8.78,8.73,8.78,8.7,16295781.0,142258265.0
2019-09-17,8.74,8.52,8.75,8.48,23895709.0,204965075.0
2019-09-18,8.52,8.7,8.79,8.52,37260546.0,323950483.0
2019-09-19,8.74,8.64,8.74,8.59,19144994.0,165457223.0
2019-09-20,8.59,8.93,8.93,8.59,32973598.0,292036406.0
2019-09-23,8.93,8.75,8.93,8.72,19273590.0,169830513.0
2019-09-24,8.81,8.87,8.94,8.79,14403592.0,127816197.0
2019-09-25,8.86,8.74,8.86,8.71,16966079.0,148928753.0
2019-09-26,8.8,8.73,8.97,8.67,23637418.0,208398820.0
2019-09-27,8.8,8.46,8.8,8.4,25276510.0,215657293.0
2019-09-30,8.48,8.49,8.64,8.47,16920810.0,144895061.0
2019-10-08,8.49,8.77,8.8,8.49,20893039.0,182063960.0
2019-10-09,8.77,8.51,8.77,8.4,26044339.0,221806389.0
2019-10-10,8.52,8.49,8.56,8.41,20102225.0,170316970.0
2019-10-11,8.57,8.53,8.59,8.5,16134107.0,137882686.0
2019-10-14,8.55,8.53,8.6,8.49,14476203.0,123753293.0
2019-10-15,8.54,8.34,8.54,8.31,18113665.0,152223489.0
2019-10-16,8.32,8.31,8.4,8.26,13242538.0,110288519.0
2019-10-17,8.29,8.23,8.3,8.15,20809576.0,170805621.0
2019-10-18,8.26,8.17,8.34,8.16,14925380.0,123086256.0
2019-10-21,8.2,8.34,8.37,8.11,13582610.0,112621700.0
2019-10-22,8.37,8.21,8.37,8.16,17095467.0,140680674.0
2019-10-23,8.22,8.07,8.25,8.03,17249375.0,139979830.0
2019-10-24,8.08,8.04,8.14,8.01,13955580.0,112353023.0
2019-10-25,8.08,8.07,8.09,7.96,13852697.0,111152595.0
2019-10-28,8.04,8.07,8.15,8.01,12145741.0,98137469.0
2019-10-29,8.07,7.96,8.07,7.93,12492557.0,99743265.0
2019-10-30,7.94,8.11,8.14,7.88,18195210.0,146130798.0
2019-10-31,8.07,7.86,8.13,7.79,30296981.0,239482492.0
2019-11-01,7.86,8.05,8.1,7.8,38599157.0,307048648.0
2019-11-04,8.08,8.15,8.19,8.06,24305566.0,197346557.0
2019-11-05,8.15,8.2,8.22,8.05,22281408.0,181815957.0
2019-11-06,8.19,8.21,8.32,8.13,16680469.0,137268303.0
2019-11-07,8.2,8.15,8.28,8.12,16200432.0,132043192.0
2019-11-08,8.17,8.15,8.27,8.15,23706735.0,194492434.0
2019-11-11,8.15,8.12,8.23,8.05,21579050.0,176006490.0
2019-11-12,8.11,8.14,8.18,8.05,14690172.0,119165566.0
2019-11-13,8.14,8.07,8.18,8.01,11359484.0,91540809.0
2019-11-14,8.05,7.99,8.14,7.88,17787670.0,142515457.0
2019-11-15,7.96,7.81,7.96,7.74,27608222.0,216143224.0
2019-11-18,7.76,7.79,7.84,7.74,15266963.0,118962925.0
2019-11-19,7.79,7.78,7.84,7.72,22946914.0,178144639.0
2019-11-20,7.8,7.57,7.81,7.54,29897372.0,228509980.0
2019-11-21,7.59,7.89,7.97,7.58,43992390.0,344653199.0
2019-11-22,7.91,7.94,7.96,7.81,25674169.0,202674597.0
2019-11-25,7.95,8.07,8.1,7.88,23211994.0,185794629.0
2019-11-26,8.1,8.03,8.12,7.99,25805183.0,207480371.0
2019-11-27,8.03,8.16,8.23,8.01,16533348.0,134694795.0
2019-11-28,8.18,7.94,8.19,7.93,14070005.0,112640466.0
2019-11-29,7.92,7.88,8.04,7.82,16226308.0,128174764.0
2019-12-02,7.89,8.15,8.18,7.89,27352376.0,221711313.0
2019-12-03,8.15,8.12,8.16,8.04,18243291.0,147345295.0
2019-12-04,8.07,8.1,8.16,7.99,18896510.0,152408375.0
2019-12-05,8.2,8.33,8.44,8.15,30367834.0,253071042.0
2019-12-06,8.37,8.29,8.4,8.24,15463458.0,128147091.0
2019-12-09,8.26,8.29,8.36,8.2,13882839.0,114657274.0
2019-12-10,8.25,8.25,8.33,8.21,12915744.0,106820284.0
2019-12-11,8.28,8.23,8.28,8.18,13723791.0,112730750.0
2019-12-12,8.21,8.2,8.27,8.2,11427877.0,94015650.0
2019-12-13,8.22,8.33,8.43,8.21,18322329.0,152600427.0
2019-12-16,8.37,8.35,8.44,8.31,16657307.0,139295121.0
2019-12-17,8.35,8.33,8.37,8.22,23851115.0,198031160.0
2019-12-18,8.32,8.21,8.35,8.21,22412077.0,184838265.0
2019-12-19,8.2,8.28,8.3,8.2,12014118.0,99320878.0
2019-12-20,8.27,8.23,8.29,8.21,20750303.0,171105626.0
2019-12-23,8.26,8.22,8.3,8.2,23228460.0,191878821.0
2019-12-24,8.22,8.14,8.23,8.03,16631399.0,134995746.0
2019-12-25,8.12,8.14,8.19,8.07,9021646.0,73418314.0
2019-12-26,8.17,8.28,8.32,8.11,12306707.0,101001539.0
2019-12-27,8.25,8.37,8.42,8.23,21621898.0,180927580.0
2019-12-30,8.37,8.62,8.65,8.37,28356035.0,242996749.91
2019-12-31,8.62,8.65,8.7,8.59,18898758.0,163318128.99
2020-01-02,8.64,8.61,8.76,8.58,26611715.0,229838040.99
2020-01-03,8.63,8.54,8.66,8.5,20919271.0,179272609.82
2020-01-06,8.52,8.27,8.53,8.21,50344469.0,419289487.29
2020-01-07,8.27,8.37,8.4,8.24,37973424.0,316120864.67
2020-01-08,8.35,8.33,8.39,8.28,23177671.0,193185814.47
2020-01-09,8.35,8.45,8.5,8.33,22125197.0,185960935.65
2020-01-10,8.43,8.58,8.62,8.4,24230547.0,206635893.62
2020-01-13,8.48,8.59,8.64,8.34,33042819.0,280797323.59
2020-01-14,8.58,8.55,8.65,8.44,15877311.0,135536272.16
2020-01-15,8.5,8.41,8.53,8.38,13410826.0,113288107.44
2020-01-16,8.44,8.34,8.46,8.34,9749769.0,81557383.9
2020-01-17,8.34,8.23,8.37,8.21,16007432.0,132269640.24
2020-01-20,8.28,8.22,8.28,8.17,12169323.0,99762073.98
2020-01-21,8.21,7.97,8.22,7.96,22336798.0,179654490.75
2020-01-22,7.97,7.88,7.97,7.81,21001134.0,165477097.69
2020-01-23,7.88,7.69,7.88,7.68,24334926.0,188767807.82
2020-02-03,6.94,7.23,7.32,6.94,35674539.0,255026155.7
2020-02-04,7.18,7.41,7.6,7.18,36949477.0,275903280.08
2020-02-05,7.43,7.46,7.5,7.35,16044225.0,119512950.5
2020-02-06,7.51,7.41,7.51,7.36,26797678.0,198411013.09
2020-02-07,7.39,7.51,7.54,7.36,16047382.0,119363839.34
2020-02-10,7.46,7.53,7.55,7.42,15409332.0,115542508.03
2020-02-11,7.5,7.59,7.65,7.49,14822475.0,112490696.4
2020-02-12,7.63,7.69,7.74,7.59,13564404.0,104291651.39
2020-02-13,7.72,7.63,7.76,7.63,12036737.0,92348620.46
2020-02-14,7.63,7.63,7.68,7.6,8428243.0,64318899.21
2020-02-17,7.6,7.74,7.76,7.6,13435390.0,103240549.37
2020-02-18,7.77,7.71,7.8,7.69,12111197.0,93653904.69
2020-02-19,7.7,7.68,7.72,7.63,13893288.0,106621894.15
2020-02-20,7.65,7.73,7.77,7.62,14212733.0,109217080.02
2020-02-21,7.76,7.73,7.8,7.7,15711122.0,121564590.49
2020-02-24,7.7,7.51,7.72,7.47,39429596.0,297333362.48
2020-02-25,7.42,7.35,7.46,7.25,33466465.0,245579590.59
2020-02-26,7.28,7.38,7.42,7.23,27724621.0,203291002.23
2020-02-27,7.37,7.36,7.45,7.32,20618745.0,151765160.65
2020-02-28,7.25,7.12,7.29,7.12,31450453.0,226345212.33
2020-03-02,7.17,7.33,7.33,7.17,32832909.0,238378332.75
2020-03-03,7.37,7.28,7.41,7.25,34428481.0,251822521.84
2020-03-04,7.26,7.3,7.37,7.19,43644219.0,317006037.86
2020-03-05,7.35,7.44,7.48,7.31,38165138.0,282699750.74
2020-03-06,7.39,7.33,7.4,7.32,31685261.0,232761533.13
2020-03-09,7.23,7.2,7.25,7.14,32078120.0,230616567.26
2020-03-10,7.17,7.34,7.37,7.14,32919465.0,239452672.88
2020-03-11,7.34,7.32,7.39,7.29,17990755.0,131851327.35
2020-03-12,7.27,7.23,7.27,7.2,16889037.0,122037564.59
2020-03-13,6.97,7.06,7.19,6.91,29851576.0,209832392.3
2020-03-16,7.1,7.02,7.2,6.99,32211507.0,228446227.85
2020-03-17,6.98,7.1,7.16,6.98,23355173.0,165698011.62
2020-03-18,7.14,7.19,7.33,7.07,27202829.0,196667053.08
2020-03-19,7.17,6.97,7.3,6.93,30741654.0,217425482.05
2020-03-20,7.05,7.11,7.15,6.99,17443364.0,123492043.21
2020-03-23,7.03,7.1,7.17,6.98,25153600.0,178101148.18
2020-03-24,7.14,7.35,7.36,7.14,27870490.0,202982324.78
2020-03-25,7.43,7.4,7.47,7.31,23569794.0,173939339.81
2020-03-26,7.33,7.4,7.46,7.33,17541786.0,129984805.41
2020-03-27,7.45,7.37,7.45,7.33,12584058.0,92899127.21
2020-03-30,7.3,7.4,7.45,7.26,13520889.0,99578804.95
2020-03-31,7.44,7.48,7.5,7.37,17956305.0,133981487.73
2020-04-01,7.47,7.46,7.53,7.42,13757788.0,102845304.89
2020-04-02,7.42,7.45,7.46,7.39,10810827.0,80197860.8
2020-04-03,7.44,7.42,7.5,7.4,7728027.0,57446732.35
2020-04-07,7.46,7.43,7.5,7.36,19298552.0,143180714.53
2020-04-08,7.39,7.44,7.46,7.33,13103752.0,96971413.9
2020-04-09,7.43,7.36,7.44,7.35,7824430.0,57778061.07
2020-04-10,7.35,7.27,7.36,7.23,9869495.0,71904151.9
2020-04-13,7.26,7.18,7.26,7.14,9589608.0,68799474.25
2020-04-14,7.19,7.26,7.29,7.18,7913181.0,57352284.2
2020-04-15,7.28,7.32,7.35,7.26,8610557.0,62883083.13
2020-04-16,7.28,7.35,7.4,7.26,9373178.0,68760362.73
2020-04-17,7.37,7.24,7.38,7.22,12139080.0,88313396.75
2020-04-20,7.22,7.08,7.23,7.07,20997489.0,149477941.41
2020-04-21,7.09,7.03,7.1,6.98,16861405.0,118575505.37
2020-04-22,7.04,7.04,7.07,6.99,8525334.0,59924531.18
2020-04-23,7.05,6.96,7.06,6.94,18027660.0,125990117.43
2020-04-24,6.97,7.03,7.04,6.94,11408534.0,79978889.76
2020-04-27,7.04,7.06,7.1,7.02,10295848.0,72840794.4
2020-04-28,7.06,7.0,7.06,6.91,13512852.0,94359879.59
2020-04-29,7.02,7.12,7.13,6.98,11229641.0,79173799.43
2020-04-30,7.18,7.24,7.29,7.16,17505244.0,126731749.04
2020-05-06,7.18,7.17,7.27,7.13,20212689.0,144911355.0
2020-05-07,7.16,7.12,7.17,7.08,15981228.0,113656008.63
2020-05-08,7.13,7.17,7.21,7.12,15546736.0,111363993.26
2020-05-11,7.17,7.16,7.21,7.15,15405538.0,110606248.39
2020-05-12,7.16,7.18,7.21,7.15,10177202.0,73012725.25
2020-05-13,7.16,7.14,7.17,7.13,12243692.0,87507808.13
2020-05-14,7.16,7.17,7.18,7.12,11434662.0,81819690.85
2020-05-15,7.16,7.09,7.17,7.08,12734232.0,90547858.51
2020-05-18,7.16,7.1,7.16,7.04,9476779.0,67313267.22
2020-05-19,7.13,7.12,7.14,7.07,10467419.0,74442642.75
2020-05-20,7.14,7.1,7.14,7.08,7130993.0,50656312.7
2020-05-21,7.12,7.08,7.12,7.05,10185582.0,72203855.63
2020-05-22,7.08,6.98,7.09,6.97,11655200.0,81698218.58
2020-05-25,6.99,7.01,7.06,6.98,6071919.0,42617644.79
2020-05-26,7.03,7.09,7.12,7.01,10220516.0,72281579.53
2020-05-27,7.08,7.16,7.18,7.05,8909497.0,63473852.44
2020-05-28,7.16,7.19,7.23,7.14,7588219.0,54550034.49
2020-05-29,7.19,7.11,7.19,7.07,11089359.0,78799204.9
2020-06-01,7.13,7.26,7.3,7.12,14949124.0,108051250.66
2020-06-02,7.27,7.3,7.31,7.23,8697518.0,63381322.63
2020-06-03,7.31,7.25,7.33,7.23,12785760.0,92958377.62
2020-06-04,7.25,7.24,7.27,7.22,6990350.0,50635408.24
2020-06-05,7.24,7.24,7.26,7.21,7620032.0,55110281.55
2020-06-08,7.24,7.37,7.4,7.23,16511483.0,121086981.41
2020-06-09,7.39,7.54,7.56,7.35,24201351.0,181070031.94
2020-06-10,7.53,7.44,7.54,7.41,14981420.0,111848624.6
2020-06-11,7.43,7.34,7.44,7.29,19840161.0,145625353.96
2020-06-12,7.26,7.3,7.31,7.21,26992280.0,195770874.01
2020-06-15,7.25,7.18,7.3,7.17,21015960.0,151667309.31
2020-06-16,7.22,7.27,7.31,7.2,12243482.0,88809640.61
2020-06-17,7.29,7.33,7.39,7.25,9578184.0,70058537.08
2020-06-18,7.33,7.38,7.4,7.31,8740253.0,64427161.14
2020-06-19,7.39,7.32,7.48,7.31,23142456.0,170700579.19
2020-06-22,7.37,7.32,7.38,7.31,10634512.0,78006210.72
2020-06-23,7.33,7.38,7.4,7.29,10138332.0,74583200.04
2020-06-24,7.4,7.42,7.51,7.38,11610790.0,86402918.47
2020-06-29,7.43,7.38,7.49,7.35,12566008.0,92996067.33
2020-06-30,7.42,7.4,7.5,7.4,11755502.0,87510306.95
2020-07-01,7.4,7.47,7.47,7.31,22819628.0,168492054.55
2020-07-02,7.44,7.63,7.63,7.43,27276352.0,206072960.67
2020-07-03,7.65,7.71,7.77,7.63,29723224.0,229448286.21
2020-07-06,7.77,8.01,8.09,7.73,41303665.0,326832812.56
2020-07-07,8.13,7.88,8.14,7.86,43871031.0,349739099.42
2020-07-08,7.86,7.92,7.98,7.84,28774122.0,227215475.81
2020-07-09,8.0,8.03,8.12,7.91,52717937.0,421941031.33
2020-07-10,7.98,7.82,8.0,7.81,35378481.0,279824341.32
2020-07-13,7.87,8.35,8.41,7.87,64364779.0,528238934.76
2020-07-14,8.37,8.4,8.54,8.26,44405125.0,373183132.67
2020-07-15,8.41,8.32,8.48,8.29,26348485.0,220939275.16
2020-07-16,8.37,8.07,8.46,8.03,34372275.0,283613132.6
2020-07-17,8.12,8.04,8.24,7.98,15570818.0,126193955.47
2020-07-20,8.09,8.34,8.35,8.04,17202402.0,141567191.89
2020-07-21,8.33,8.31,8.42,8.28,16387142.0,136495638.7
2020-07-22,8.29,8.23,8.35,8.22,17101291.0,141551446.42
2020-07-23,8.2,8.13,8.24,8.01,16715689.0,135561158.09
2020-07-24,8.09,7.94,8.2,7.87,23974854.0,192531360.73
2020-07-27,7.89,7.99,8.06,7.89,17865701.0,142150334.84
2020-07-28,8.02,8.02,8.13,7.99,10138220.0,81621196.74
2020-07-29,8.0,8.21,8.25,7.94,17617683.0,143495563.87
2020-07-30,8.21,8.21,8.3,8.14,12686657.0,104098133.84
2020-07-31,8.2,8.12,8.31,8.06,15482796.0,126531451.46
2020-08-03,8.15,8.13,8.2,8.09,19138464.0,155667660.0
2020-08-04,8.13,8.29,8.3,8.06,23868809.0,195302619.24
2020-08-05,8.23,8.14,8.24,8.11,17600209.0,143280185.7
2020-08-06,8.12,8.08,8.15,8.01,21249923.0,171342542.27
2020-08-07,8.09,8.05,8.15,8.0,16760664.0,135067121.13
2020-08-10,8.05,8.2,8.25,8.05,21065753.0,171833585.58
2020-08-11,8.23,8.28,8.5,8.21,27523540.0,230401132.98
2020-08-12,8.26,8.37,8.41,8.2,24528946.0,204369069.69
2020-08-13,8.49,8.49,8.66,8.45,29083785.0,248562170.28
2020-08-14,8.53,8.55,8.57,8.45,18992983.0,161594941.42
2020-08-17,8.65,8.58,8.66,8.48,25394988.0,217856504.23
2020-08-18,8.6,8.6,8.71,8.54,19149815.0,164853103.85
2020-08-19,8.57,9.2,9.28,8.5,77445487.0,697153065.0
2020-08-20,9.01,8.87,9.11,8.81,43967731.0,394276457.98
2020-08-21,8.91,8.86,8.94,8.68,21882702.0,192250418.37
2020-08-24,8.89,8.71,8.89,8.7,25709122.0,225451068.34
2020-08-25,8.81,8.85,9.05,8.77,30110366.0,268324275.14
2020-08-26,8.93,8.94,9.09,8.84,30425844.0,273125879.59
2020-08-27,8.89,8.95,9.01,8.8,20590654.0,183344098.25
2020-08-28,8.97,8.83,8.97,8.76,17198480.0,151867544.05
2020-08-31,8.87,8.78,8.95,8.77,26511381.0,233835520.09
2020-09-01,8.81,8.9,8.93,8.75,21901339.0,193424590.34
2020-09-02,8.91,8.77,8.94,8.73,16065035.0,141108535.28
2020-09-03,8.78,8.76,8.87,8.72,16827938.0,147959073.12
2020-09-04,8.72,8.78,8.81,8.66,10451658.0,91427587.12
2020-09-07,8.76,8.8,8.91,8.73,13803648.0,122254257.11
2020-09-08,8.8,9.08,9.13,8.79,24784540.0,223860219.09
2020-09-09,9.01,8.93,9.23,8.9,22192942.0,201195751.94
2020-09-10,8.96,8.91,9.03,8.89,16191396.0,145056557.63
2020-09-11,8.96,8.89,9.06,8.87,13736414.0,122814545.29
2020-09-14,8.93,9.12,9.25,8.84,25166075.0,228168875.99
2020-09-15,9.11,9.12,9.32,9.02,17038335.0,156047973.33
2020-09-16,9.12,9.2,9.24,9.1,13871826.0,127085658.21
2020-09-17,9.17,9.0,9.22,8.97,13397322.0,121729820.01
2020-09-18,9.03,9.11,9.18,9.01,13928106.0,126510532.38
2020-09-21,9.18,8.97,9.18,8.95,13633060.0,123048995.91
2020-09-22,8.96,8.95,9.06,8.91,11237161.0,101106118.74
2020-09-23,9.03,8.94,9.03,8.93,8437315.0,75701251.85
2020-09-24,8.91,8.76,8.93,8.68,19908258.0,174257585.01
2020-09-25,8.79,8.68,8.82,8.62,12655087.0,110301719.76
2020-09-28,8.74,8.76,8.8,8.65,8212560.0,71708244.29
2020-09-29,8.76,8.74,8.8,8.68,10087809.0,88228260.61
2020-09-30,8.73,8.74,8.8,8.7,7950671.0,69580298.72
2020-10-09,8.82,8.66,8.82,8.65,15028663.0,131134091.56
2020-10-12,8.64,8.72,8.8,8.56,26769442.0,232982007.49
2020-10-13,8.71,8.8,8.82,8.68,11879474.0,104211202.98
2020-10-14,8.83,8.77,8.94,8.71,12527338.0,110240180.08
2020-10-15,8.78,8.86,8.91,8.75,10130823.0,89714278.2
2020-10-16,8.85,8.89,8.95,8.8,30465841.0,269589890.17
2020-10-19,8.84,8.72,8.9,8.66,21841164.0,191458300.07
2020-10-20,8.76,8.89,8.91,8.74,15120154.0,133888139.85
2020-10-21,8.88,8.81,8.9,8.79,9368182.0,82628056.08
2020-10-22,8.77,8.84,8.88,8.75,9418410.0,82935067.69
2020-10-23,8.8,8.71,8.89,8.7,6071112.0,53440464.78
2020-10-26,8.74,8.62,8.76,8.57,7795671.0,67493618.4
2020-10-27,8.64,8.75,8.79,8.59,8963449.0,78241482.0
2020-10-28,8.76,8.82,8.85,8.73,10402906.0,91404200.6
2020-10-29,8.77,8.73,8.79,8.69,7455887.0,65143802.16
2020-10-30,8.75,8.95,9.08,8.73,20045046.0,179570111.18
2020-11-02,8.95,8.78,9.03,8.71,26600437.0,234548585.41
2020-11-03,8.78,8.72,8.83,8.67,20361767.0,177938114.34
2020-11-04,8.69,8.78,8.81,8.62,12076652.0,105443400.11
2020-11-05,8.82,9.09,9.1,8.8,21907776.0,197283540.16
2020-11-06,9.1,9.21,9.34,9.09,28134608.0,259549894.94
2020-11-09,9.23,9.2,9.28,9.15,16665489.0,153293809.01
2020-11-10,9.26,9.26,9.64,9.11,29707785.0,278342156.1
2020-11-11,9.27,9.35,9.39,9.24,16196222.0,150714654.44
2020-11-12,9.31,9.12,9.34,9.08,12740961.0,116654584.03
2020-11-13,9.16,8.98,9.16,8.81,16755929.0,150249088.61
2020-11-16,8.95,9.04,9.14,8.93,12347977.0,111406309.06
2020-11-17,9.03,9.08,9.16,9.02,11756944.0,106802291.03
2020-11-18,9.11,9.02,9.12,9.0,12072137.0,109150422.17
2020-11-19,9.1,9.04,9.1,8.94,7932313.0,71662086.35
2020-11-20,9.03,9.06,9.07,8.97,7622598.0,68775827.88
2020-11-23,9.06,9.07,9.16,8.98,11501807.0,104381675.61
2020-11-24,9.09,9.05,9.11,9.01,9792480.0,88650449.25
2020-11-25,9.05,9.03,9.14,9.02,9779927.0,88665545.02
2020-11-26,9.02,9.33,9.45,8.96,22963881.0,212350217.27
2020-11-27,9.4,9.42,9.47,9.27,16680944.0,156404166.63
2020-11-30,9.47,9.18,9.57,9.18,21876251.0,204967288.93
2020-12-01,9.22,9.19,9.28,9.12,12746748.0,117193512.4
2020-12-02,9.22,9.11,9.22,9.11,12887102.0,117975629.97
2020-12-03,9.15,9.09,9.15,9.07,9251929.0,84104156.79
2020-12-04,9.09,9.04,9.09,9.01,9293933.0,84017528.94
2020-12-07,9.03,8.88,9.04,8.85,16188329.0,144304437.49
2020-12-08,8.87,8.9,8.94,8.83,9537759.0,84681864.43
2020-12-09,8.89,8.55,8.89,8.53,34109994.0,294860908.65
2020-12-10,8.55,8.33,8.57,8.31,27635242.0,232253350.41
2020-12-11,8.33,8.23,8.38,8.14,20047580.0,165280701.05
2020-12-14,8.24,8.25,8.3,8.11,22154867.0,181648805.13
2020-12-15,8.26,8.42,8.42,8.23,15187245.0,126644058.5
2020-12-16,8.47,8.36,8.58,8.32,15651365.0,131926362.85
2020-12-17,8.36,8.43,8.48,8.33,11752820.0,98912760.76
2020-12-18,8.53,8.4,8.61,8.34,18882292.0,160113676.33
2020-12-21,8.4,8.35,8.48,8.27,17902333.0,149726912.86
2020-12-22,8.35,8.26,8.38,8.22,19506444.0,161178808.72
2020-12-23,8.26,8.35,8.36,8.24,13554967.0,112479878.97
2020-12-24,8.35,8.33,8.39,8.24,11622804.0,96688568.56
2020-12-25,8.33,8.52,8.58,8.28,15888536.0,134865167.14
2020-12-28,8.55,8.5,8.65,8.43,16814993.0,142979188.07
2020-12-29,8.45,8.44,8.52,8.42,13274381.0,112258175.66
2020-12-30,8.44,8.4,8.47,8.33,15328613.0,128704736.24
2020-12-31,8.39,8.37,8.41,8.29,17997464.0,150357305.39
2021-01-04,8.39,8.46,8.5,8.31,22664957.0,190479901.29
2021-01-05,8.41,8.38,8.41,8.28,20689790.0,172319249.4
2021-01-06,8.38,8.62,8.68,8.33,27694225.0,236800009.27
2021-01-07,8.62,8.64,8.67,8.56,17265975.0,148637671.1
2021-01-08,8.58,8.61,8.71,8.56,14157793.0,122071668.75
2021-01-11,8.59,8.42,8.61,8.36,29429594.0,249051595.72
2021-01-12,8.37,8.41,8.45,8.33,13584942.0,113914215.87
2021-01-13,8.39,8.63,8.66,8.39,17350083.0,148411194.62
2021-01-14,8.6,8.65,8.82,8.57,18764875.0,163588067.7
2021-01-15,8.65,8.59,8.77,8.53,13374080.0,115459169.98
2021-01-18,8.6,8.52,8.63,8.46,18044675.0,153569612.7
2021-01-19,8.51,8.57,8.59,8.45,17996791.0,153413543.11
2021-01-20,8.55,8.47,8.59,8.45,13931647.0,118259113.99
2021-01-21,8.45,8.42,8.47,8.4,16065346.0,135392879.72
2021-01-22,8.41,8.32,8.42,8.3,16918479.0,141147729.75
2021-01-25,8.32,8.24,8.33,8.21,15244207.0,125656794.94
2021-01-26,8.24,8.27,8.35,8.19,12181389.0,100827031.68
2021-01-27,8.27,8.39,8.51,8.25,24301636.0,203885700.96
2021-01-28,8.37,8.55,8.63,8.33,26070210.0,222550950.94
2021-01-29,8.55,8.42,8.56,8.37,21110197.0,178084032.72
2021-02-01,8.36,8.4,8.48,8.34,13933775.0,117205103.68
2021-02-02,8.39,8.29,8.46,8.24,26701545.0,221713359.24
2021-02-03,8.26,8.3,8.35,8.25,12385874.0,102686721.35
2021-02-04,8.3,8.08,8.32,8.04,25478449.0,208137913.08
2021-02-05,8.09,7.95,8.17,7.89,22860309.0,183488938.63
2021-02-08,7.98,8.04,8.18,7.95,21665654.0,174604754.14
2021-02-09,8.08,7.97,8.09,7.87,24723727.0,196485126.25
2021-02-10,7.97,8.02,8.1,7.94,21077655.0,169057910.28
2021-02-18,8.09,8.14,8.22,8.08,25907759.0,211213541.3
2021-02-19,8.16,8.33,8.37,8.14,19657494.0,162739265.64
2021-02-22,8.38,8.33,8.54,8.33,28672635.0,241262705.67
2021-02-23,8.34,8.2,8.43,8.17,51841323.0,427267714.63
2021-02-24,8.22,8.11,8.24,8.06,37253878.0,303738247.97
2021-02-25,8.14,8.19,8.24,8.1,26235904.0,214345327.71
2021-02-26,8.14,8.09,8.22,8.09,20970424.0,170666220.01
2021-03-01,8.11,8.09,8.17,8.06,17471213.0,141637898.21
2021-03-02,8.12,8.17,8.23,8.06,26473018.0,215777902.55
2021-03-03,8.16,8.27,8.3,8.15,17839318.0,147060420.27
2021-03-04,8.33,8.57,8.62,8.26,44367214.0,375342570.6
2021-03-05,8.52,8.5,8.67,8.45,26337583.0,224779446.08
2021-03-08,8.48,8.91,9.04,8.43,61870497.0,542923627.95
2021-03-09,8.82,8.74,8.89,8.69,35022313.0,307417433.34
2021-03-10,8.75,8.83,8.98,8.64,27639484.0,243885435.9
2021-03-11,8.8,8.98,9.04,8.79,27117670.0,242474905.31
2021-03-12,9.01,9.86,9.88,8.95,133521629.0,1288857240.59
2021-03-15,9.79,9.81,9.93,9.46,94437179.0,915178458.6
2021-03-16,9.77,10.01,10.22,9.69,60655627.0,602678040.1
2021-03-17,9.91,9.46,9.92,9.42,58629179.0,559600068.41
2021-03-18,9.4,9.47,9.57,9.35,35834217.0,338908166.76
2021-03-19,9.36,9.44,9.61,9.26,35475222.0,335276769.38
2021-03-22,9.47,9.73,9.82,9.47,47636761.0,462129020.35
2021-03-23,9.72,9.47,9.76,9.39,36987195.0,351965457.1
2021-03-24,9.43,9.43,9.58,9.36,27256382.0,257924877.83
2021-03-25,9.4,9.31,9.44,9.17,26215408.0,244175490.1
2021-03-26,9.33,9.45,9.72,9.33,28406389.0,270506074.51
2021-03-29,9.45,9.59,9.71,9.4,34862238.0,333270957.08
2021-03-30,9.54,9.49,9.56,9.32,28030463.0,264001257.86
2021-03-31,9.47,9.62,9.67,9.43,24676298.0,236673530.57
2021-04-01,9.56,9.59,9.69,9.51,16283502.0,156260697.83
2021-04-02,9.59,9.52,9.61,9.39,22342795.0,212141706.39
2021-04-06,9.49,9.54,9.66,9.47,12846532.0,122908377.38
2021-04-07,9.51,9.57,9.76,9.48,25167193.0,241939635.63
2021-04-08,9.55,9.49,9.56,9.41,17728835.0,167850931.87
2021-04-09,9.43,9.48,9.57,9.41,14444687.0,137210965.0
2021-04-12,9.46,9.72,9.93,9.42,39532661.0,385286615.09
2021-04-13,9.79,9.53,10.09,9.51,34525781.0,335351711.2
2021-04-14,9.5,9.84,9.95,9.49,30100086.0,294766135.07
2021-04-15,9.84,9.8,9.93,9.74,23483125.0,230831819.74
2021-04-16,9.78,9.67,9.78,9.54,21970421.0,211628659.52
2021-04-19,9.62,9.57,9.62,9.52,21665540.0,207165244.77
2021-04-20,9.52,9.61,9.68,9.51,12341157.0,118484208.7
2021-04-21,9.59,9.84,9.86,9.46,22586274.0,217866564.91
2021-04-22,9.79,10.05,10.15,9.73,39597740.0,397004278.78
2021-04-23,10.03,10.09,10.12,9.83,24478197.0,245116317.49
2021-04-26,10.04,10.07,10.36,9.98,29179113.0,297267275.51
2021-04-27,10.07,9.87,10.11,9.82,17610419.0,174425838.87
2021-04-28,9.86,9.88,10.2,9.75,16994533.0,169034798.88
2021-04-29,9.65,9.86,9.97,9.5,28643163.0,278867929.17
2021-04-30,9.87,9.59,9.87,9.53,20482870.0,197838421.68
2021-05-06,9.52,9.7,9.89,9.51,17965958.0,174048828.49
2021-05-07,9.68,9.81,9.82,9.58,13446845.0,130692706.52
2021-05-10,9.79,9.97,10.13,9.72,19029271.0,190036868.64
2021-05-11,9.99,9.81,10.06,9.76,18585892.0,183659007.8
2021-05-12,9.79,9.68,9.82,9.64,14415890.0,139806340.17
2021-05-13,9.64,9.54,9.7,9.5,18427426.0,176273816.68
2021-05-14,9.56,9.56,9.64,9.53,12068574.0,115554959.19
2021-05-17,9.57,9.71,9.9,9.54,20456007.0,199516351.64
2021-05-18,9.67,9.71,9.82,9.65,8972568.0,87314875.43
2021-05-19,9.74,9.68,9.88,9.63,10386162.0,101243512.99
2021-05-20,9.65,9.54,9.65,9.52,16119766.0,154169513.79
2021-05-21,9.54,9.6,9.64,9.52,8458964.0,81198102.84
2021-05-24,9.62,9.53,9.75,9.5,16783235.0,160371599.58
2021-05-25,9.51,9.61,9.61,9.35,16154469.0,153441571.21
2021-05-26,9.57,9.63,9.72,9.53,11099163.0,106874547.92
2021-05-27,9.6,9.53,9.72,9.5,28979092.0,276971988.59
2021-05-28,9.54,9.23,9.62,9.19,28870900.0,270312770.57
2021-05-31,9.19,9.35,9.38,9.01,20840540.0,191665536.98
2021-06-01,9.36,9.36,9.39,9.23,16202643.0,151316713.4
2021-06-02,9.4,9.42,9.47,9.34,15972372.0,150307402.52
2021-06-03,9.42,9.37,9.45,9.34,9233670.0,86701910.73
2021-06-04,9.34,9.32,9.41,9.29,9739273.0,90941210.23
2021-06-07,9.29,9.34,9.38,9.29,12117864.0,113046615.52
2021-06-08,9.36,9.25,9.36,9.22,16484160.0,152819748.5
2021-06-09,9.25,9.37,9.48,9.24,23112986.0,217383717.03
2021-06-10,9.37,9.35,9.44,9.31,12951384.0,121327247.82
2021-06-11,9.41,9.39,9.51,9.33,21282405.0,199758464.37
2021-06-15,9.38,9.27,9.43,9.2,18407241.0,170976847.12
2021-06-16,9.27,9.28,9.33,9.14,17744266.0,163960000.31
2021-06-17,9.33,9.3,9.42,9.22,18789298.0,174566901.75
2021-06-18,9.32,9.2,9.33,9.16,19861200.0,182649724.97
2021-06-21,9.15,9.12,9.2,9.1,16566801.0,151472424.65
2021-06-22,9.12,9.02,9.13,8.97,27033235.0,244439333.17
2021-06-23,9.03,9.08,9.14,9.02,19498473.0,176950971.67
2021-06-24,9.08,9.36,9.41,9.06,23607279.0,219040670.61
2021-06-25,9.33,9.31,9.41,9.28,13453856.0,125442162.16
2021-06-28,9.43,9.53,9.7,9.43,25724901.0,246383828.98
2021-06-29,9.51,9.29,9.51,9.29,18053197.0,168964095.71
2021-06-30,9.28,9.31,9.36,9.21,10184486.0,94528992.64
2021-07-01,9.31,9.34,9.39,9.23,9968175.0,92750714.19
2021-07-02,9.28,9.25,9.34,9.23,9945697.0,92156464.5
2021-07-05,9.28,9.2,9.28,9.1,14257304.0,130938749.5
2021-07-06,9.2,9.57,9.6,9.2,25320899.0,240193169.39
2021-07-07,9.57,9.53,9.61,9.48,12223537.0,116528106.8
2021-07-08,9.55,9.45,9.72,9.41,12152185.0,115193573.18
2021-07-09,9.45,9.44,9.49,9.39,10405635.0,98071987.04
2021-07-12,9.46,9.28,9.46,9.2,22301778.0,207858918.25
2021-07-13,9.28,9.56,9.57,9.22,18098419.0,171216068.49
2021-07-14,9.58,9.48,9.62,9.4,14867366.0,140958904.35
2021-07-15,9.48,9.42,9.5,9.38,8657023.0,81536532.48
2021-07-16,9.44,9.41,9.52,9.39,11078086.0,104455650.21
2021-07-19,9.4,9.4,9.44,9.27,14815278.0,138624610.91
2021-07-20,9.2,8.7,9.2,8.62,56729740.0,495641568.57
2021-07-21,8.69,8.58,8.76,8.53,26109255.0,224724028.74
2021-07-22,8.6,8.65,8.77,8.56,12901784.0,112084524.99
2021-07-23,8.65,8.57,8.68,8.53,13767152.0,118155750.17
2021-07-26,8.56,8.35,8.59,8.29,18130702.0,152858439.31
2021-07-27,8.37,8.09,8.41,8.06,20238649.0,166306615.68
2021-07-28,8.13,8.15,8.19,7.96,18895337.0,152772256.63
2021-07-29,8.18,8.06,8.24,8.02,15510349.0,125853360.03
2021-07-30,8.09,8.23,8.32,8.09,17854590.0,146817814.63
2021-08-02,8.22,8.36,8.44,8.12,17166577.0,142506055.75
2021-08-03,8.37,8.4,8.49,8.29,14409882.0,120542451.6
2021-08-04,8.36,8.35,8.48,8.29,10635860.0,89127650.31
2021-08-05,8.35,8.41,8.46,8.35,11475718.0,96344849.36
2021-08-06,8.46,8.53,8.62,8.41,14905506.0,127232342.08
2021-08-09,8.53,8.73,8.75,8.5,13228734.0,114310358.12
2021-08-10,8.71,8.8,8.95,8.7,19510012.0,171819780.47
2021-08-11,8.83,8.82,8.9,8.75,16589408.0,146297401.24
2021-08-12,8.83,8.85,8.91,8.79,9942303.0,87854372.93
2021-08-13,8.88,8.84,8.89,8.79,8184066.0,72306027.03
2021-08-16,8.82,8.85,8.9,8.81,9204064.0,81368414.66
2021-08-17,8.88,8.73,8.93,8.7,14576440.0,128501329.54
2021-08-18,8.75,8.85,8.91,8.72,13000965.0,114592615.48
2021-08-19,8.87,8.89,8.95,8.77,12843676.0,113968534.64
2021-08-20,8.91,8.92,8.99,8.77,15844597.0,140538376.87
2021-08-23,8.91,8.88,9.02,8.84,11126238.0,99358100.83
2021-08-24,8.88,9.45,9.5,8.88,39962700.0,371063521.52
2021-08-25,9.39,9.21,9.39,9.2,11399940.0,105532849.89
2021-08-26,9.21,9.07,9.21,9.06,9177704.0,83578631.55
2021-08-27,9.07,9.01,9.17,8.93,12476894.0,112564490.54
2021-08-30,9.02,9.36,9.45,8.98,18241766.0,168909745.6
2021-08-31,9.24,9.06,9.29,8.96,25988264.0,235724316.28
2021-09-01,9.05,9.18,9.22,9.01,20730806.0,189364284.58
2021-09-02,9.15,9.56,9.7,9.15,33494205.0,316674318.87
2021-09-03,9.58,9.96,10.28,9.57,46891983.0,468020978.31
2021-09-06,10.05,9.86,10.25,9.82,36008235.0,359627976.95
2021-09-07,9.87,9.89,10.05,9.78,21563388.0,212978365.28
2021-09-08,9.93,10.6,10.74,9.93,68816139.0,713529886.29
2021-09-09,10.45,10.62,10.82,10.18,42074517.0,442058255.52
2021-09-10,10.64,10.2,10.64,10.15,37687344.0,388818936.35
2021-09-13,10.18,10.2,10.3,10.08,28215835.0,287212735.15
2021-09-14,10.28,9.96,10.3,9.85,39624627.0,399325932.96
2021-09-15,10.0,9.81,10.09,9.73,26083210.0,256568802.2
2021-09-16,9.8,9.69,9.97,9.67,26797473.0,262377981.24
2021-09-17,9.69,10.32,10.48,9.67,47067786.0,479150937.92
2021-09-22,10.21,11.35,11.35,10.21,65795977.0,737661598.02
2021-09-23,11.7,12.05,12.49,11.69,191813745.0,2328882082.93
2021-09-24,11.81,11.21,11.9,10.9,116741757.0,1316722825.8
2021-09-27,11.45,11.3,11.6,10.66,84233775.0,935316540.45
2021-09-28,11.1,12.29,12.43,11.08,114942013.0,1380441126.96
2021-09-29,12.03,12.23,13.02,11.95,102068398.0,1273902905.93
2021-09-30,12.25,12.06,12.48,11.56,81680398.0,981763776.73
2021-10-08,12.05,11.38,12.19,11.2,73333586.0,840060759.95
2021-10-11,11.5,10.91,11.7,10.82,59839930.0,659839798.43
2021-10-12,10.8,10.58,10.91,10.3,42908130.0,453692887.51
2021-10-13,10.5,10.48,10.7,10.1,41168002.0,429371626.52
2021-10-14,10.41,10.34,10.56,10.24,22461030.0,233825417.0
2021-10-15,10.3,10.2,10.42,9.98,47046687.0,476818293.0
2021-10-18,10.18,10.77,11.02,10.1,60981229.0,648891895.0
2021-10-19,10.76,10.62,10.84,10.54,27647386.0,294802331.0
2021-10-20,10.7,11.25,11.45,10.52,63494774.0,704778960.0
2021-10-21,11.26,11.32,11.4,10.85,35663035.0,397986744.7
2021-10-22,11.2,10.34,11.22,10.26,61447437.0,651858157.63
2021-10-25,10.36,10.43,10.85,10.3,41234793.0,434050736.81
2021-10-26,10.43,10.48,10.63,10.34,35150597.0,367924198.31
2021-10-27,10.4,10.8,11.08,10.34,39585783.0,426766158.9
2021-10-28,10.84,10.75,11.19,10.66,42860868.0,466242966.53
2021-10-29,10.82,10.55,10.82,10.28,38579176.0,405774362.05
2021-11-01,10.5,10.4,10.62,10.34,23432667.0,244163883.62
2021-11-02,10.42,10.24,10.47,10.02,34298046.0,348465449.76
2021-11-03,10.27,10.58,10.74,10.24,27442439.0,288694099.34
2021-11-04,10.66,10.61,10.7,10.4,17076400.0,180563178.64
2021-11-05,10.54,10.01,10.6,10.0,33202770.0,337411477.4
2021-11-08,9.98,9.96,10.11,9.85,18373857.0,182766733.48
2021-11-09,10.0,10.05,10.26,9.9,18924412.0,190044818.99
2021-11-10,10.03,9.77,10.03,9.63,25134230.0,245030772.7
2021-11-11,9.76,9.76,9.89,9.71,17678780.0,172870024.72
2021-11-12,9.75,9.6,9.76,9.51,29712032.0,285933088.2
2021-11-15,9.63,9.5,9.64,9.4,20536301.0,194871262.34
2021-11-16,9.53,9.52,9.58,9.41,16275600.0,154716429.49
2021-11-17,9.5,9.47,9.57,9.39,15206043.0,143784536.96
2021-11-18,9.47,9.53,9.58,9.38,17247978.0,163729920.7
2021-11-19,9.53,9.62,9.68,9.42,23394773.0,223677420.21
2021-11-22,9.64,9.53,9.69,9.47,32114590.0,307032974.17
2021-11-23,9.52,9.59,9.67,9.49,15193771.0,145905639.44
2021-11-24,9.8,9.75,9.82,9.53,32410707.0,313491957.38
2021-11-25,9.78,10.12,10.45,9.74,55313112.0,561359246.73
2021-11-26,10.05,9.9,10.18,9.75,26703902.0,264398760.12
2021-11-29,9.79,10.02,10.18,9.65,26055951.0,259115267.97
2021-11-30,10.06,9.95,10.18,9.95,17785373.0,178688431.47
2021-12-01,9.99,10.22,10.25,9.97,16228431.0,164152893.8
2021-12-02,10.22,10.04,10.39,10.0,16281059.0,165447785.25
2021-12-03,10.03,10.58,10.68,9.96,36172509.0,376607406.74
2021-12-06,10.6,10.4,10.67,10.34,19888250.0,208091855.59
2021-12-07,10.39,10.51,10.59,10.25,21523420.0,224336684.85
2021-12-08,10.53,10.31,10.56,10.2,30308452.0,313066168.85
2021-12-09,10.27,10.47,10.57,10.24,25709970.0,268047265.65
2021-12-10,10.41,10.62,10.73,10.36,36610300.0,388580713.31
2021-12-13,10.8,10.67,11.03,10.63,41146776.0,446208165.29
2021-12-14,10.63,10.54,10.74,10.42,24778470.0,261305242.24
2021-12-15,10.52,10.88,11.01,10.45,39091223.0,423216425.61
2021-12-16,10.82,11.18,11.2,10.76,34718031.0,383625886.5
2021-12-17,11.15,11.08,11.34,10.98,28441735.0,316795863.36
2021-12-20,11.08,10.8,11.16,10.58,33918281.0,367318736.12
2021-12-21,10.72,10.76,10.88,10.48,32390285.0,346729867.65
2021-12-22,10.76,10.56,10.79,10.53,22182217.0,235410357.5
2021-12-23,10.5,11.02,11.02,10.46,31507911.0,342319004.54
2021-12-24,11.06,11.11,11.46,10.99,50458694.0,568764456.33
2021-12-27,11.08,11.33,11.46,11.05,32220579.0,365080753.37
2021-12-28,11.33,11.19,11.35,11.05,21726488.0,242199764.0
2021-12-29,11.16,10.69,11.16,10.64,24232015.0,260942355.0
2021-12-30,10.69,11.03,11.08,10.63,19618370.0,214648745.0
2021-12-31,11.06,11.47,11.55,11.02,42960173.0,489736398.0
2022-01-04,11.4,10.79,11.46,10.78,39747107.0,438204998.0
2022-01-05,10.81,10.31,10.84,10.2,60159103.0,624827955.0
2022-01-06,10.3,10.32,10.45,10.27,18153338.0,188021120.04
2022-01-07,10.33,10.04,10.4,10.03,32392543.0,328691445.0
2022-01-10,9.96,10.27,10.3,9.93,19334592.0,196289720.0
2022-01-11,10.23,10.15,10.45,10.14,12817277.0,131883600.0
